"DOI","Publication year","Country","City","Collection year start","Collection year end","Source","Tick species","Exact location","Collection site","lat","long","Referenced by (later paper DOI)","Referencing (source paper DOI)","ID","clat","clong","LID","approxcloc","ArticleTitle","Title"
"10.1371/journal.pgph.0005705",2026,"France","Paris",2022,2022,"Flagging","Ixodes ricinus, Dermacentor reticulatus","Known","Sénart forest","48.666667","2.483333",NA,NA,"TIC000001",48.8534951,2.3483915,"CIT000001",FALSE,"First detection of one of the tick-borne lymphadenopathy (TIBOLA) etiological agent in ticks from a highly frequented sub-urban forest near Paris, France.","PLOS global public health"
"10.3390/pathogens15040376",2026,"Lithuania","Kaunas",2021,2025,"Flagging, Dragging","Ixodes ricinus","Approximated","Vytautas Magnus University (VMU) Botanical Garden","54.87173608339014","23.91073197129082",NA,NA,"TIC000002",54.8982139,23.9044817,"CIT000002",FALSE,"Habitat-Specific Patterns of Tick-Borne Pathogens in Urban and Suburban Landscapes.","Pathogens (Basel, Switzerland)"
"10.3390/pathogens15040376",2026,"Lithuania","Kaunas",2021,2025,"Flagging, Dragging","Ixodes ricinus","Approximated","Panemunė Pinewood Park","54.87646166869383","23.966918683377585",NA,NA,"TIC000003",54.8982139,23.9044817,"CIT000002",FALSE,"Habitat-Specific Patterns of Tick-Borne Pathogens in Urban and Suburban Landscapes.","Pathogens (Basel, Switzerland)"
"10.3390/pathogens15040376",2026,"Lithuania","Kaunas",2021,2025,"Flagging, Dragging","Ixodes ricinus","Approximated","Kleboniškis Forest Park","54.94176502760752","23.9490671105543",NA,NA,"TIC000004",54.8982139,23.9044817,"CIT000002",FALSE,"Habitat-Specific Patterns of Tick-Borne Pathogens in Urban and Suburban Landscapes.","Pathogens (Basel, Switzerland)"
"10.3390/pathogens15040376",2026,"Lithuania","Kaunas",2021,2025,"Flagging, Dragging","Ixodes ricinus","Approximated","Oak Grove Park","54.89972314847343","23.945822914256933",NA,NA,"TIC000005",54.8982139,23.9044817,"CIT000002",FALSE,"Habitat-Specific Patterns of Tick-Borne Pathogens in Urban and Suburban Landscapes.","Pathogens (Basel, Switzerland)"
"10.3390/pathogens15040376",2026,"Lithuania","Kaunas",2021,2026,"Flagging, Dragging","Ixodes ricinus","Approximated","Lithuanian Zoological Garden","54.90307092700752","23.95011666822365",NA,NA,"TIC000006",54.8982139,23.9044817,"CIT000002",FALSE,"Habitat-Specific Patterns of Tick-Borne Pathogens in Urban and Suburban Landscapes.","Pathogens (Basel, Switzerland)"
"10.3390/pathogens15040376",2026,"Lithuania","Kaunas",2021,2026,"Flagging, Dragging","Ixodes ricinus","Approximated","Academy campus","54.91032028809283","23.877179685285878",NA,NA,"TIC000007",54.8982139,23.9044817,"CIT000002",FALSE,"Habitat-Specific Patterns of Tick-Borne Pathogens in Urban and Suburban Landscapes.","Pathogens (Basel, Switzerland)"
"10.3390/pathogens15040376",2026,"Lithuania","Kaunas",2021,2025,"Flagging, Dragging","Ixodes ricinus","Approximated","Third Fort of the Kaunas Fortress","54.85052343733826","23.90714042546599",NA,NA,"TIC000008",54.8982139,23.9044817,"CIT000002",FALSE,"Habitat-Specific Patterns of Tick-Borne Pathogens in Urban and Suburban Landscapes.","Pathogens (Basel, Switzerland)"
"10.3390/pathogens15040376",2026,"Lithuania","Kaišiadorys",2021,2025,"Flagging, Dragging","Ixodes ricinus","Approximated","Kaišiadorys Forest Park","54.84935800840357","24.426417064112787",NA,NA,"TIC000009",54.8602337,24.4544785,"CIT000003",FALSE,"Habitat-Specific Patterns of Tick-Borne Pathogens in Urban and Suburban Landscapes.","Pathogens (Basel, Switzerland)"
"10.3390/pathogens15040376",2026,"Lithuania","Birštonas",2021,2025,"Flagging, Dragging","Ixodes ricinus","Approximated","Central Park","54.610844661558495","24.034975864979895",NA,NA,"TIC000010",54.6043509,24.0335131,"CIT000004",FALSE,"Habitat-Specific Patterns of Tick-Borne Pathogens in Urban and Suburban Landscapes.","Pathogens (Basel, Switzerland)"
"10.3390/pathogens15040376",2026,"Lithuania","Paduoblis",2021,2025,"Flagging, Dragging","Ixodes ricinus","Approximated","Nemunas Loops Regional Park","54.57054991350789","23.943431713710865",NA,NA,"TIC000011",54.5748358,23.9471037,"CIT000005",FALSE,"Habitat-Specific Patterns of Tick-Borne Pathogens in Urban and Suburban Landscapes.","Pathogens (Basel, Switzerland)"
"10.3390/pathogens15040376",2026,"Lithuania","Kėdainiai",2021,2025,"Flagging, Dragging","Ixodes ricinus","Approximated","Kaunas Street Cemetery","55.27658958786337","23.976277654331422",NA,NA,"TIC000012",55.2887322,23.9758359,"CIT000006",FALSE,"Habitat-Specific Patterns of Tick-Borne Pathogens in Urban and Suburban Landscapes.","Pathogens (Basel, Switzerland)"
"10.1016/j.vetmic.2026.110932",2026,"Poland","Międzyzdroje",2023,2023,"Flagging","Ixodes ricinus","Known","Walking trail in the Wolin National Park","53.9289","14.4514",NA,NA,"TIC000013",53.9282745,14.448903,"CIT000007",FALSE,"Occurrence of tick-borne pathogens in questing ticks, ticks from riding horses, and red deer blood in Western Pomerania, Poland.","Veterinary microbiology"
"10.1016/j.vetmic.2026.110932",2026,"Poland","Wałcz",2023,2023,"Flagging","Ixodes ricinus","Known","Recreational walking trail","53.2769","16.4633",NA,NA,"TIC000014",53.269745,16.4670655,"CIT000008",FALSE,"Occurrence of tick-borne pathogens in questing ticks, ticks from riding horses, and red deer blood in Western Pomerania, Poland.","Veterinary microbiology"
"10.1016/j.vetmic.2026.110932",2026,"Poland","Tanowo",2023,2023,"Flagging","Ixodes ricinus","Known","Tanowo","53.5400","14.4661",NA,NA,"TIC000015",53.5408392,14.4670656,"CIT000009",FALSE,"Occurrence of tick-borne pathogens in questing ticks, ticks from riding horses, and red deer blood in Western Pomerania, Poland.","Veterinary microbiology"
"10.1016/j.vetmic.2026.110932",2026,"Poland","Iglice",2023,2023,"Flagging","Ixodes ricinus","Known","Park surrounding the local palace","53.8308","15.4703",NA,NA,"TIC000016",53.8302042,15.471333,"CIT000010",FALSE,"Occurrence of tick-borne pathogens in questing ticks, ticks from riding horses, and red deer blood in Western Pomerania, Poland.","Veterinary microbiology"
"10.3390/biology15030252",2026,"Poland","Lublin",2015,2019,"Flagging","Ixodes ricinus, Dermacentor reticulatus","Approximated","Urban park (former military training ground)","51.26232858753533","22.53532267064042",NA,NA,"TIC000017",51.250559,22.5701022,"CIT000011",FALSE,"Urban Recreation Areas as Foci of Tick Hazard: Multi-Year Seasonal Patterns of Ixodes ricinus and Dermacentor reticulatus Activity and Host Spectrum of Their Juvenile Stages in Eastern Poland.","Biology"
"10.3390/biology15030252",2026,"Poland","Lublin",2018,2018,"Animal","Ixodes ricinus, Dermacentor reticulatus","Approximated","Urban park (former military training ground)","51.26232858753533","22.53532267064042",NA,NA,"TIC000018",51.250559,22.5701022,"CIT000011",FALSE,"Urban Recreation Areas as Foci of Tick Hazard: Multi-Year Seasonal Patterns of Ixodes ricinus and Dermacentor reticulatus Activity and Host Spectrum of Their Juvenile Stages in Eastern Poland.","Biology"
"10.3390/pathogens15030292",2026,"Slovakia","Žilina",2024,2024,"Flagging","Ixodes ricinus","Known","Ľudovít Fulla Square","49.21573937138863","18.761430279826975",NA,NA,"TIC000019",49.2234674,18.7393139,"CIT000012",FALSE,"Zoonotic Pathogens in Ixodes ricinus from an Urban Environment in Northern Slovakia.","Pathogens (Basel, Switzerland)"
"10.3390/pathogens15030292",2026,"Slovakia","Žilina",2024,2024,"Flagging","Ixodes ricinus","Known","Nemocničná Street","49.216119257499884","18.752342711580464",NA,NA,"TIC000020",49.2234674,18.7393139,"CIT000012",FALSE,"Zoonotic Pathogens in Ixodes ricinus from an Urban Environment in Northern Slovakia.","Pathogens (Basel, Switzerland)"
"10.3390/pathogens15030292",2026,"Slovakia","Žilina",2024,2024,"Flagging","Ixodes ricinus","Known","Rajčanka","49.20844738562995","18.72316370267406",NA,NA,"TIC000021",49.2234674,18.7393139,"CIT000012",FALSE,"Zoonotic Pathogens in Ixodes ricinus from an Urban Environment in Northern Slovakia.","Pathogens (Basel, Switzerland)"
"10.3390/pathogens15030292",2026,"Slovakia","Žilina",2024,2024,"Flagging","Ixodes ricinus","Known","Hájovňa","49.208168062445715","18.75275277132755",NA,NA,"TIC000022",49.2234674,18.7393139,"CIT000012",FALSE,"Zoonotic Pathogens in Ixodes ricinus from an Urban Environment in Northern Slovakia.","Pathogens (Basel, Switzerland)"
"10.3390/pathogens15030292",2026,"Slovakia","Žilina",2024,2024,"Flagging","Ixodes ricinus","Known","Bio-corridor","49.206477461863514","18.809388182210647",NA,NA,"TIC000023",49.2234674,18.7393139,"CIT000012",FALSE,"Zoonotic Pathogens in Ixodes ricinus from an Urban Environment in Northern Slovakia.","Pathogens (Basel, Switzerland)"
"10.1016/j.actatropica.2025.107750",2025,"Italy","Rome",2018,2018,"Dragging","Rhipicephalus turanicus","Approximated","Parco degli Acquedotti","41.850576682191175","12.557510841017905",NA,NA,"TIC000024",41.8933203,12.4829321,"CIT000013",FALSE,"Acarological risk of exposure to tick-borne pathogens in urban green areas of Rome, Italy.","Acta tropica"
"10.1016/j.actatropica.2025.107750",2025,"Italy","Rome",2018,2019,"Dragging","Ixodes ricinus","Approximated","Riserva naturale Valle dell’Aniene","41.92829144831272","12.555635052666354",NA,NA,"TIC000025",41.8933203,12.4829321,"CIT000013",FALSE,"Acarological risk of exposure to tick-borne pathogens in urban green areas of Rome, Italy.","Acta tropica"
"10.1016/j.actatropica.2025.107750",2025,"Italy","Rome",2018,2019,"Dragging","Ixodes ricinus, Rhipicephalus turanicus","Approximated","Parco regionale urbano del Pineto","41.92082302924333","12.432537969856824",NA,NA,"TIC000026",41.8933203,12.4829321,"CIT000013",FALSE,"Acarological risk of exposure to tick-borne pathogens in urban green areas of Rome, Italy.","Acta tropica"
"10.1016/j.actatropica.2025.107750",2025,"Italy","Rome",2018,2019,"Dragging","Ixodes ricinus, Hyalomma marginatum, Rhipicephalus sanguineus, Rhipicephalus turanicus","Approximated","Parco regionale dell’Appia Antica","41.87026432560614","12.503802168005654",NA,NA,"TIC000027",41.8933203,12.4829321,"CIT000013",FALSE,"Acarological risk of exposure to tick-borne pathogens in urban green areas of Rome, Italy.","Acta tropica"
"10.1016/j.actatropica.2025.107750",2025,"Italy","Rome",2018,2019,"Dragging","Rhipicephalus sanguineus, Rhipicephalus turanicus","Approximated","Tenuta di Tor Marancia","41.843787494344944","12.510086069853166",NA,NA,"TIC000028",41.8933203,12.4829321,"CIT000013",FALSE,"Acarological risk of exposure to tick-borne pathogens in urban green areas of Rome, Italy.","Acta tropica"
"10.1016/j.actatropica.2025.107750",2025,"Italy","Rome",2019,2019,"Dragging","Rhipicephalus sanguineus, Rhipicephalus bursa","Approximated","Parco Trentani (Riserva naturale di Nomentum)","42.02189811374748","12.640672235762104",NA,NA,"TIC000029",41.8933203,12.4829321,"CIT000013",FALSE,"Acarological risk of exposure to tick-borne pathogens in urban green areas of Rome, Italy.","Acta tropica"
"10.3390/insects16090935",2025,"Poland","Wrocław",2024,2024,"Flagging","Dermacentor reticulatus","Known","Unknown","51.090","16.916",NA,NA,"TIC000030",51.1089776,17.0326689,"CIT000014",FALSE,"Dermacentor reticulatus (Fabricius, 1794) in Southwestern Poland: Changes in Range and Local Scale Updates.","Insects"
"10.3390/insects16090935",2025,"Poland","Wrocław",2024,2024,"Flagging","Dermacentor reticulatus","Known","Unknown","51.055","16.968",NA,NA,"TIC000031",51.1089776,17.0326689,"CIT000014",FALSE,"Dermacentor reticulatus (Fabricius, 1794) in Southwestern Poland: Changes in Range and Local Scale Updates.","Insects"
"10.3390/insects16090935",2025,"Poland","Wrocław",2024,2024,"Flagging","Dermacentor reticulatus","Known","Unknown","51.130","16.912",NA,NA,"TIC000032",51.1089776,17.0326689,"CIT000014",FALSE,"Dermacentor reticulatus (Fabricius, 1794) in Southwestern Poland: Changes in Range and Local Scale Updates.","Insects"
"10.3390/insects16090935",2025,"Poland","Wrocław",2024,2024,"Flagging","Dermacentor reticulatus","Known","Unknown","51.072","17.076",NA,NA,"TIC000033",51.1089776,17.0326689,"CIT000014",FALSE,"Dermacentor reticulatus (Fabricius, 1794) in Southwestern Poland: Changes in Range and Local Scale Updates.","Insects"
"10.3390/insects16090935",2025,"Poland","Wrocław",2024,2024,"Flagging","Dermacentor reticulatus","Known","Unknown","51.201","16.854",NA,NA,"TIC000034",51.1089776,17.0326689,"CIT000014",FALSE,"Dermacentor reticulatus (Fabricius, 1794) in Southwestern Poland: Changes in Range and Local Scale Updates.","Insects"
"10.3390/insects16090935",2025,"Poland","Wrocław",2024,2024,"Flagging","Dermacentor reticulatus","Known","Unknown","51.124","16.828",NA,NA,"TIC000035",51.1089776,17.0326689,"CIT000014",FALSE,"Dermacentor reticulatus (Fabricius, 1794) in Southwestern Poland: Changes in Range and Local Scale Updates.","Insects"
"10.3390/insects16090935",2025,"Poland","Wrocław",2024,2024,"Flagging","Dermacentor reticulatus","Known","Unknown","51.147","16.799",NA,NA,"TIC000036",51.1089776,17.0326689,"CIT000014",FALSE,"Dermacentor reticulatus (Fabricius, 1794) in Southwestern Poland: Changes in Range and Local Scale Updates.","Insects"
"10.3390/insects16090935",2025,"Poland","Wrocław",2024,2024,"Flagging","Dermacentor reticulatus","Known","Unknown","51.163","17.008",NA,NA,"TIC000037",51.1089776,17.0326689,"CIT000014",FALSE,"Dermacentor reticulatus (Fabricius, 1794) in Southwestern Poland: Changes in Range and Local Scale Updates.","Insects"
"10.3390/insects16090935",2025,"Poland","Wrocław",2024,2024,"Flagging","Dermacentor reticulatus","Known","Unknown","51.187","17.027",NA,NA,"TIC000038",51.1089776,17.0326689,"CIT000014",FALSE,"Dermacentor reticulatus (Fabricius, 1794) in Southwestern Poland: Changes in Range and Local Scale Updates.","Insects"
"10.3390/insects16090935",2025,"Poland","Wrocław",2024,2024,"Flagging","Dermacentor reticulatus","Known","Unknown","51.172","17.126",NA,NA,"TIC000039",51.1089776,17.0326689,"CIT000014",FALSE,"Dermacentor reticulatus (Fabricius, 1794) in Southwestern Poland: Changes in Range and Local Scale Updates.","Insects"
"10.3390/insects16090935",2025,"Poland","Wrocław",2024,2024,"Flagging","Dermacentor reticulatus","Known","Unknown","51.164","17.067",NA,NA,"TIC000040",51.1089776,17.0326689,"CIT000014",FALSE,"Dermacentor reticulatus (Fabricius, 1794) in Southwestern Poland: Changes in Range and Local Scale Updates.","Insects"
"10.3390/insects16090935",2025,"Poland","Wrocław",2024,2024,"Flagging","Dermacentor reticulatus","Known","Unknown","51.011","16.891",NA,NA,"TIC000041",51.1089776,17.0326689,"CIT000014",FALSE,"Dermacentor reticulatus (Fabricius, 1794) in Southwestern Poland: Changes in Range and Local Scale Updates.","Insects"
"10.3390/insects16090935",2025,"Poland","Wrocław",2024,2024,"Flagging","Dermacentor reticulatus","Known","Unknown","51.091","17.248",NA,NA,"TIC000042",51.1089776,17.0326689,"CIT000014",FALSE,"Dermacentor reticulatus (Fabricius, 1794) in Southwestern Poland: Changes in Range and Local Scale Updates.","Insects"
"10.3390/insects16090935",2025,"Poland","Wrocław",2024,2024,"Flagging","Dermacentor reticulatus","Known","Unknown","50.967","17.265",NA,NA,"TIC000043",51.1089776,17.0326689,"CIT000014",FALSE,"Dermacentor reticulatus (Fabricius, 1794) in Southwestern Poland: Changes in Range and Local Scale Updates.","Insects"
"10.3390/insects16090935",2025,"Poland","Wrocław",2024,2024,"Flagging","Dermacentor reticulatus","Known","Unknown","51.035","17.285",NA,NA,"TIC000044",51.1089776,17.0326689,"CIT000014",FALSE,"Dermacentor reticulatus (Fabricius, 1794) in Southwestern Poland: Changes in Range and Local Scale Updates.","Insects"
"10.1016/j.ttbdis.2025.102520",2025,"France","Strasbourg",2024,2024,"Dragging","Dermacentor reticulatus","Known","Rohrschollen forest","48.524737","7.802691",NA,NA,"TIC000045",48.584614,7.7507127,"CIT000015",FALSE,"Dermacentor ticks and their human pathogens in various ecosystems of eastern France.","Ticks and tick-borne diseases"
"10.1016/j.ttbdis.2025.102520",2025,"France","Strasbourg",2024,2024,"Dragging","Dermacentor reticulatus","Known","Robertsau Forest","48.615770","7.813352",NA,NA,"TIC000046",48.584614,7.7507127,"CIT000015",FALSE,"Dermacentor ticks and their human pathogens in various ecosystems of eastern France.","Ticks and tick-borne diseases"
"10.1016/j.ttbdis.2025.102520",2025,"France","Strasbourg",2024,2024,"Dragging","Dermacentor reticulatus","Known","Pourtales Park","48.609659","7.799654",NA,NA,"TIC000047",48.584614,7.7507127,"CIT000015",FALSE,"Dermacentor ticks and their human pathogens in various ecosystems of eastern France.","Ticks and tick-borne diseases"
"10.1016/j.ttbdis.2025.102490",2025,"Slovakia","Košice",2014,2016,"Flagging","Ixodes ricinus","Known","Botanical garden","48.746344","21.237817",NA,NA,"TIC000048",48.7172272,21.2496774,"CIT000016",FALSE,"Diversity and prevalence of spotted-fever group rickettsiae in ixodid ticks across Slovakia, Central Europe.","Ticks and tick-borne diseases"
"10.1016/j.ttbdis.2025.102490",2025,"Slovakia","Košice",2014,2016,"Flagging","Ixodes ricinus","Known","Čermeľ","48.762964","21.135603",NA,NA,"TIC000049",48.7172272,21.2496774,"CIT000016",FALSE,"Diversity and prevalence of spotted-fever group rickettsiae in ixodid ticks across Slovakia, Central Europe.","Ticks and tick-borne diseases"
"10.3390/pathogens14070652",2025,"Bulgaria","Primorsko",2013,2013,"Flagging","Haemaphysalis concinna","Known","Unknown","42.290833","27.758417",NA,NA,"TIC000050",42.2698672,27.7506179,"CIT000017",FALSE,"First Molecular Evidence of Ixodiphagus hookeri (Hymenoptera: Encyrtidae) in Ixodes ricinus and Haemaphysalis concinna (Acari: Ixodida) Ticks from Inland and Coastal Areas of the Balkan Peninsula.","Pathogens (Basel, Switzerland)"
"10.1016/j.actatropica.2025.107899",2025,"Belgium","Geel",2024,2024,"Flagging","Ixodes ricinus","Unknown","Unknown",NA,NA,NA,NA,"TIC000051",51.1610826,4.9903187,"CIT000018",FALSE,"In search for tick-borne encephalitis virus and Rickettsia in Belgian Ixodes ricinus ticks: Evidence of rickettsia felis.","Acta tropica"
"10.1016/j.actatropica.2025.107878",2025,"Italy","Cocullo",2024,2024,"Animal","Ixodes ricinus","Unknown","Unknown",NA,NA,NA,NA,"TIC000052",42.0320574,13.7834637,"CIT000019",FALSE,"From Angitia to Saint Domenico: Detection of vector-borne pathogens in snakes at the ""Festa dei Serpari"" in Cocullo, Central Italy.","Acta tropica"
"10.1016/j.actatropica.2025.107899",2025,"Belgium","Herentals",2024,2024,"Flagging","Ixodes ricinus","Unknown","Unknown",NA,NA,NA,NA,"TIC000053",51.1765426,4.8362595,"CIT000020",FALSE,"In search for tick-borne encephalitis virus and Rickettsia in Belgian Ixodes ricinus ticks: Evidence of rickettsia felis.","Acta tropica"
"10.1016/j.actatropica.2025.107899",2025,"Belgium","Kapellen",2024,2024,"Flagging","Ixodes ricinus","Unknown","Unknown",NA,NA,NA,NA,"TIC000054",51.3149455,4.4295354,"CIT000021",FALSE,"In search for tick-borne encephalitis virus and Rickettsia in Belgian Ixodes ricinus ticks: Evidence of rickettsia felis.","Acta tropica"
"10.1016/j.actatropica.2025.107899",2025,"Belgium","Schoten",2024,2024,"Flagging","Ixodes ricinus","Unknown","Unknown",NA,NA,NA,NA,"TIC000055",51.2516344,4.4980446,"CIT000022",FALSE,"In search for tick-borne encephalitis virus and Rickettsia in Belgian Ixodes ricinus ticks: Evidence of rickettsia felis.","Acta tropica"
"10.1016/j.actatropica.2025.107899",2025,"Belgium","Turnhout",2024,2024,"Flagging","Ixodes ricinus","Unknown","Unknown",NA,NA,NA,NA,"TIC000056",51.328932,4.9299924,"CIT000023",FALSE,"In search for tick-borne encephalitis virus and Rickettsia in Belgian Ixodes ricinus ticks: Evidence of rickettsia felis.","Acta tropica"
"10.1016/j.actatropica.2025.107899",2025,"Belgium","Oostkamp",2024,2024,"Flagging","Ixodes ricinus","Unknown","Unknown",NA,NA,NA,NA,"TIC000057",51.1213769,3.2341433,"CIT000024",FALSE,"In search for tick-borne encephalitis virus and Rickettsia in Belgian Ixodes ricinus ticks: Evidence of rickettsia felis.","Acta tropica"
"10.1016/j.actatropica.2025.107899",2025,"Belgium","Kasterlee",2024,2024,"Flagging","Ixodes ricinus","Unknown","Unknown",NA,NA,NA,NA,"TIC000058",51.2407915,4.967812,"CIT000025",FALSE,"In search for tick-borne encephalitis virus and Rickettsia in Belgian Ixodes ricinus ticks: Evidence of rickettsia felis.","Acta tropica"
"10.1016/j.actatropica.2025.107899",2025,"Belgium","Vosselaar",2024,2024,"Flagging","Ixodes ricinus","Unknown","Unknown",NA,NA,NA,NA,"TIC000059",51.3129153,4.8878026,"CIT000026",FALSE,"In search for tick-borne encephalitis virus and Rickettsia in Belgian Ixodes ricinus ticks: Evidence of rickettsia felis.","Acta tropica"
"10.1016/j.crpvbd.2025.100254",2025,"Spain","Monforte de Lemos",2018,2018,"Flagging, Dragging","Rhipicephalus sanguineus","Known","Unknown","42.519753","-7.516358",NA,NA,"TIC000060",42.5105492,-7.4875211,"CIT000027",FALSE,"Monitoring of questing tick species distribution in Galicia, north-western Spain, over a period of 5.5 years.","Current research in parasitology & vector-borne diseases"
"10.1016/j.crpvbd.2025.100254",2025,"Spain","Lugo",2019,2019,"Flagging, Dragging","Ixodes ricinus","Known","Unknown","42.992236","-7.561005",NA,NA,"TIC000061",42.9913123,-7.5908294,"CIT000028",FALSE,"Monitoring of questing tick species distribution in Galicia, north-western Spain, over a period of 5.5 years.","Current research in parasitology & vector-borne diseases"
"10.1016/j.crpvbd.2025.100254",2025,"Spain","A Coruña",2019,2019,"Flagging, Dragging","Rhipicephalus sanguineus","Known","Unknown","43.38583","-8.40639",NA,NA,"TIC000062",43.3466447,-8.4127029,"CIT000029",FALSE,"Monitoring of questing tick species distribution in Galicia, north-western Spain, over a period of 5.5 years.","Current research in parasitology & vector-borne diseases"
"10.1016/j.crpvbd.2025.100254",2025,"Spain","Monforte de Lemos",2019,2019,"Flagging, Dragging","Rhipicephalus sanguineus","Known","Unknown","42.528735","-7.519958",NA,NA,"TIC000063",42.5105492,-7.4875211,"CIT000027",FALSE,"Monitoring of questing tick species distribution in Galicia, north-western Spain, over a period of 5.5 years.","Current research in parasitology & vector-borne diseases"
"10.1016/j.crpvbd.2025.100254",2025,"Spain","A Coruña",2019,2019,"Flagging, Dragging","Rhipicephalus sanguineus","Known","Unknown","43.360901","-8.412806",NA,NA,"TIC000064",43.3466447,-8.4127029,"CIT000029",FALSE,"Monitoring of questing tick species distribution in Galicia, north-western Spain, over a period of 5.5 years.","Current research in parasitology & vector-borne diseases"
"10.1016/j.crpvbd.2025.100254",2025,"Spain","O Carballiño",2020,2020,"Flagging, Dragging","Dermacentor reticulatus","Known","Unknown","42.434888","-8.068478",NA,NA,"TIC000065",42.4467277,-8.0651475,"CIT000030",FALSE,"Monitoring of questing tick species distribution in Galicia, north-western Spain, over a period of 5.5 years.","Current research in parasitology & vector-borne diseases"
"10.1016/j.crpvbd.2025.100254",2025,"Spain","Lugo",2020,2020,"Flagging, Dragging","Dermacentor reticulatus","Unknown","Unknown",NA,NA,NA,NA,"TIC000066",42.9913123,-7.5908294,"CIT000028",FALSE,"Monitoring of questing tick species distribution in Galicia, north-western Spain, over a period of 5.5 years.","Current research in parasitology & vector-borne diseases"
"10.1016/j.crpvbd.2025.100254",2025,"Spain","Melide",2020,2020,"Flagging, Dragging","Ixodes ricinus","Known","Unknown","42.91518","-8.021432",NA,NA,"TIC000067",42.9331573,-8.0276784,"CIT000031",FALSE,"Monitoring of questing tick species distribution in Galicia, north-western Spain, over a period of 5.5 years.","Current research in parasitology & vector-borne diseases"
"10.1016/j.crpvbd.2025.100254",2025,"Spain","Roibeira",2020,2020,"Flagging, Dragging","Dermacentor reticulatus","Known","Unknown","43.268573","-8.206129",NA,NA,"TIC000068",43.2678665,-8.2092122,"CIT000032",FALSE,"Monitoring of questing tick species distribution in Galicia, north-western Spain, over a period of 5.5 years.","Current research in parasitology & vector-borne diseases"
"10.1016/j.crpvbd.2025.100254",2025,"Spain","Campelo",2020,2020,"Flagging, Dragging","Rhipicephalus sanguineus","Known","Unknown","42.438926","-8.671494",NA,NA,"TIC000069",42.4307469,-8.6824736,"CIT000033",FALSE,"Monitoring of questing tick species distribution in Galicia, north-western Spain, over a period of 5.5 years.","Current research in parasitology & vector-borne diseases"
"10.1016/j.crpvbd.2025.100254",2025,"Spain","O Vao",2020,2020,"Flagging, Dragging","Ixodes ricinus","Known","Unknown","42.443687","-8.654854",NA,NA,"TIC000070",42.3484261,-8.6141257,"CIT000034",FALSE,"Monitoring of questing tick species distribution in Galicia, north-western Spain, over a period of 5.5 years.","Current research in parasitology & vector-borne diseases"
"10.1016/j.crpvbd.2025.100254",2025,"Spain","Feáns",2020,2020,"Flagging, Dragging","Ixodes ricinus","Known","Unknown","43.321084","-8.432936",NA,NA,"TIC000071",42.8928658,-8.6083609,"CIT000035",FALSE,"Monitoring of questing tick species distribution in Galicia, north-western Spain, over a period of 5.5 years.","Current research in parasitology & vector-borne diseases"
"10.1016/j.crpvbd.2025.100254",2025,"Spain","Matalobos",2020,2020,"Flagging, Dragging","Ixodes ricinus, Rhipicephalus sanguineus","Known","Unknown","42.414728","-8.641049",NA,NA,"TIC000072",42.4156403,-8.6399774,"CIT000036",FALSE,"Monitoring of questing tick species distribution in Galicia, north-western Spain, over a period of 5.5 years.","Current research in parasitology & vector-borne diseases"
"10.1016/j.crpvbd.2025.100254",2025,"Spain","Baer",2020,2020,"Flagging, Dragging","Ixodes ricinus","Known","Unknown","43.302536","-8.522372",NA,NA,"TIC000073",43.5243723,-7.4894678,"CIT000037",FALSE,"Monitoring of questing tick species distribution in Galicia, north-western Spain, over a period of 5.5 years.","Current research in parasitology & vector-borne diseases"
"10.1016/j.crpvbd.2025.100254",2025,"Spain","Arteixo",2020,2020,"Flagging, Dragging","Ixodes ricinus","Known","Unknown","43.304325","-8.514113",NA,NA,"TIC000074",43.3045792,-8.5079101,"CIT000038",FALSE,"Monitoring of questing tick species distribution in Galicia, north-western Spain, over a period of 5.5 years.","Current research in parasitology & vector-borne diseases"
"10.1016/j.crpvbd.2025.100254",2025,"Spain","A Coruña",2020,2020,"Flagging, Dragging","Rhipicephalus sanguineus","Known","Unknown","43.362954","-8.412458",NA,NA,"TIC000075",43.3466447,-8.4127029,"CIT000029",FALSE,"Monitoring of questing tick species distribution in Galicia, north-western Spain, over a period of 5.5 years.","Current research in parasitology & vector-borne diseases"
"10.1016/j.crpvbd.2025.100254",2025,"Spain","Lugo",2020,2020,"Flagging, Dragging","Dermacentor reticulatus","Known","Unknown","43.002843","-7.537804",NA,NA,"TIC000076",42.9913123,-7.5908294,"CIT000028",FALSE,"Monitoring of questing tick species distribution in Galicia, north-western Spain, over a period of 5.5 years.","Current research in parasitology & vector-borne diseases"
"10.1016/j.crpvbd.2025.100254",2025,"Spain","A Coruña",2021,2021,"Flagging, Dragging","Rhipicephalus sanguineus","Known","Unknown","43.385065","-8.405565",NA,NA,"TIC000077",43.3466447,-8.4127029,"CIT000029",FALSE,"Monitoring of questing tick species distribution in Galicia, north-western Spain, over a period of 5.5 years.","Current research in parasitology & vector-borne diseases"
"10.1016/j.crpvbd.2025.100254",2025,"Spain","A Coruña",2021,2021,"Flagging, Dragging","Rhipicephalus sanguineus","Known","Unknown","43.387612","-8.399237",NA,NA,"TIC000078",43.3466447,-8.4127029,"CIT000029",FALSE,"Monitoring of questing tick species distribution in Galicia, north-western Spain, over a period of 5.5 years.","Current research in parasitology & vector-borne diseases"
"10.1016/j.crpvbd.2025.100254",2025,"Spain","A Coruña",2021,2021,"Flagging, Dragging","Rhipicephalus sanguineus","Known","Unknown","43.378642","-8.43801",NA,NA,"TIC000079",43.3466447,-8.4127029,"CIT000029",FALSE,"Monitoring of questing tick species distribution in Galicia, north-western Spain, over a period of 5.5 years.","Current research in parasitology & vector-borne diseases"
"10.1016/j.crpvbd.2025.100254",2025,"Spain","A Coruña",2021,2021,"Flagging, Dragging","Rhipicephalus sanguineus","Known","Unknown","43.366044","-8.442361",NA,NA,"TIC000080",43.3466447,-8.4127029,"CIT000029",FALSE,"Monitoring of questing tick species distribution in Galicia, north-western Spain, over a period of 5.5 years.","Current research in parasitology & vector-borne diseases"
"10.1016/j.crpvbd.2025.100254",2025,"Spain","O Burgo",2021,2021,"Flagging, Dragging","Rhipicephalus sanguineus","Known","Unknown","43.312857","-8.361679",NA,NA,"TIC000081",42.43799,-8.6424477,"CIT000039",FALSE,"Monitoring of questing tick species distribution in Galicia, north-western Spain, over a period of 5.5 years.","Current research in parasitology & vector-borne diseases"
"10.1016/j.crpvbd.2025.100254",2025,"Spain","Lians",2021,2021,"Flagging, Dragging","Rhipicephalus sanguineus","Known","Unknown","43.345422","-8.350752",NA,NA,"TIC000082",43.3367823,-8.3469389,"CIT000040",FALSE,"Monitoring of questing tick species distribution in Galicia, north-western Spain, over a period of 5.5 years.","Current research in parasitology & vector-borne diseases"
"10.1016/j.crpvbd.2025.100254",2025,"Spain","Tui",2022,2022,"Flagging, Dragging","Ixodes ricinus, Dermacentor reticulatus","Known","Unknown","42.056534","-8.634792",NA,NA,"TIC000083",42.0669432,-8.6637585,"CIT000041",FALSE,"Monitoring of questing tick species distribution in Galicia, north-western Spain, over a period of 5.5 years.","Current research in parasitology & vector-borne diseases"
"10.1016/j.ijppaw.2025.101084",2025,"Romania","Bucharest",2019,2024,"Animal","Ixodes redikorzevi","Known","Vacăreşti Natural Park","44.399062","26.130883",NA,NA,"TIC000084",44.4361414,26.102684,"CIT000042",FALSE,"New host-parasite associations and ectoparasite diversity of Erinaceus roumanicus in Romania.","International journal for parasitology. Parasites and wildlife"
"10.1016/j.ttbdis.2025.102512",2025,"Lithuania","Kaunas",2021,2024,"Flagging, Dragging","Ixodes ricinus","Known","VMU Botanical Garden","54.869556","23.907917",NA,NA,"TIC000085",54.8982139,23.9044817,"CIT000002",FALSE,"Prevalence and diversity of Borrelia spp. in questing ticks from urban green spaces in Lithuania.","Ticks and tick-borne diseases"
"10.1016/j.ttbdis.2025.102512",2025,"Lithuania","Vilnius",2021,2024,"Flagging, Dragging","Ixodes ricinus","Known","Lūžiai Park","54.713306","25.222639",NA,NA,"TIC000086",54.6870458,25.2829111,"CIT000043",FALSE,"Prevalence and diversity of Borrelia spp. in questing ticks from urban green spaces in Lithuania.","Ticks and tick-borne diseases"
"10.1016/j.ttbdis.2025.102512",2025,"Lithuania","Kaunas",2021,2024,"Flagging, Dragging","Ixodes ricinus","Known","Oak Grove","54.898556","23.934083",NA,NA,"TIC000087",54.8982139,23.9044817,"CIT000002",FALSE,"Prevalence and diversity of Borrelia spp. in questing ticks from urban green spaces in Lithuania.","Ticks and tick-borne diseases"
"10.1016/j.ttbdis.2025.102512",2025,"Lithuania","Birštonas",2021,2024,"Flagging, Dragging","Ixodes ricinus","Known","Central Park","54.612861","24.026972",NA,NA,"TIC000088",54.6043509,24.0335131,"CIT000004",FALSE,"Prevalence and diversity of Borrelia spp. in questing ticks from urban green spaces in Lithuania.","Ticks and tick-borne diseases"
"10.1016/j.ttbdis.2025.102512",2025,"Lithuania","Šiauliai",2021,2024,"Flagging, Dragging","Ixodes ricinus","Known","Song Park","55.919233","23.271942",NA,NA,"TIC000089",55.9340823,23.3157775,"CIT000044",FALSE,"Prevalence and diversity of Borrelia spp. in questing ticks from urban green spaces in Lithuania.","Ticks and tick-borne diseases"
"10.1016/j.ttbdis.2025.102512",2025,"Lithuania","Panevėžys",2021,2024,"Flagging, Dragging","Ixodes ricinus","Known","Skaistakalnis Park","55.733511","24.376106",NA,NA,"TIC000090",55.7344985,24.3578055,"CIT000045",FALSE,"Prevalence and diversity of Borrelia spp. in questing ticks from urban green spaces in Lithuania.","Ticks and tick-borne diseases"
"10.1016/j.ttbdis.2025.102512",2025,"Lithuania","Alytus",2021,2024,"Flagging, Dragging","Ixodes ricinus","Known","City Garden","54.394203","24.047689",NA,NA,"TIC000091",54.3961344,24.0459268,"CIT000046",FALSE,"Prevalence and diversity of Borrelia spp. in questing ticks from urban green spaces in Lithuania.","Ticks and tick-borne diseases"
"10.1016/j.ttbdis.2025.102512",2025,"Lithuania","Alytus",2021,2024,"Flagging, Dragging","Ixodes ricinus","Known","Resort Park","54.394519","24.051708",NA,NA,"TIC000092",54.3961344,24.0459268,"CIT000046",FALSE,"Prevalence and diversity of Borrelia spp. in questing ticks from urban green spaces in Lithuania.","Ticks and tick-borne diseases"
"10.1016/j.ttbdis.2025.102512",2025,"Lithuania","Druskininkai",2021,2024,"Flagging, Dragging","Ixodes ricinus","Known","K. Dineika Wellness Park","54.009639","23.980283",NA,NA,"TIC000093",54.0171932,23.9772282,"CIT000047",FALSE,"Prevalence and diversity of Borrelia spp. in questing ticks from urban green spaces in Lithuania.","Ticks and tick-borne diseases"
"10.1016/j.ttbdis.2025.102512",2025,"Lithuania","Marijampolė",2021,2024,"Flagging, Dragging","Ixodes ricinus","Known","Pašešupys Park","54.570961","23.352475",NA,NA,"TIC000094",54.5562536,23.3503665,"CIT000048",FALSE,"Prevalence and diversity of Borrelia spp. in questing ticks from urban green spaces in Lithuania.","Ticks and tick-borne diseases"
"10.1016/j.ttbdis.2025.102512",2025,"Lithuania","Vilkaviškis",2021,2024,"Flagging, Dragging","Ixodes ricinus","Known","Garden-Park","54.644103","23.04625",NA,NA,"TIC000095",54.6501751,23.0358705,"CIT000049",FALSE,"Prevalence and diversity of Borrelia spp. in questing ticks from urban green spaces in Lithuania.","Ticks and tick-borne diseases"
"10.1016/j.ttbdis.2025.102512",2025,"Lithuania","Zarasai",2021,2024,"Flagging, Dragging","Ixodes ricinus, Dermacentor reticulatus","Known","The Great Island of Zarasas lake","55.736153","26.228211",NA,NA,"TIC000096",55.7304035,26.2471471,"CIT000050",FALSE,"Prevalence and diversity of Borrelia spp. in questing ticks from urban green spaces in Lithuania.","Ticks and tick-borne diseases"
"10.1016/j.ttbdis.2025.102512",2025,"Lithuania","Dusetos",2021,2024,"Flagging, Dragging","Ixodes ricinus","Known","Sculpture Park","55.7448","25.836942",NA,NA,"TIC000097",55.7486829,25.8455165,"CIT000051",FALSE,"Prevalence and diversity of Borrelia spp. in questing ticks from urban green spaces in Lithuania.","Ticks and tick-borne diseases"
"10.1016/j.ttbdis.2025.102512",2025,"Lithuania","Utena",2021,2024,"Flagging, Dragging","Ixodes ricinus, Dermacentor reticulatus","Known","City garden","55.498369","25.598139",NA,NA,"TIC000098",55.4984381,25.6025772,"CIT000052",FALSE,"Prevalence and diversity of Borrelia spp. in questing ticks from urban green spaces in Lithuania.","Ticks and tick-borne diseases"
"10.1016/j.ttbdis.2025.102512",2025,"Lithuania","Rokiškis",2021,2024,"Flagging, Dragging","Ixodes ricinus","Known","Rokiškis Lake Island","55.955569","25.603075",NA,NA,"TIC000099",55.954025,25.591746,"CIT000053",FALSE,"Prevalence and diversity of Borrelia spp. in questing ticks from urban green spaces in Lithuania.","Ticks and tick-borne diseases"
"10.1016/j.ttbdis.2025.102512",2025,"Lithuania","Mažeikiai",2021,2024,"Flagging, Dragging","Ixodes ricinus","Known","Juodpelkis Park","56.293994","22.345447",NA,NA,"TIC000100",56.3110483,22.3484725,"CIT000054",FALSE,"Prevalence and diversity of Borrelia spp. in questing ticks from urban green spaces in Lithuania.","Ticks and tick-borne diseases"
"10.1016/j.ttbdis.2025.102512",2025,"Lithuania","Tauragė",2021,2024,"Flagging, Dragging","Ixodes ricinus","Known","Jūra River Park","55.251492","22.280411",NA,NA,"TIC000101",55.2533635,22.2903395,"CIT000055",FALSE,"Prevalence and diversity of Borrelia spp. in questing ticks from urban green spaces in Lithuania.","Ticks and tick-borne diseases"
"10.1016/j.ttbdis.2025.102512",2025,"Lithuania","Pagėgiai",2021,2024,"Flagging, Dragging","Ixodes ricinus","Known","Central Park","55.137672","21.908236",NA,NA,"TIC000102",55.133252,21.9104398,"CIT000056",FALSE,"Prevalence and diversity of Borrelia spp. in questing ticks from urban green spaces in Lithuania.","Ticks and tick-borne diseases"
"10.1016/j.ttbdis.2025.102512",2025,"Lithuania","Vilnius",2021,2024,"Flagging, Dragging","Ixodes ricinus","Known","Vingis Park","54.681472","25.235444",NA,NA,"TIC000103",54.6870458,25.2829111,"CIT000043",FALSE,"Prevalence and diversity of Borrelia spp. in questing ticks from urban green spaces in Lithuania.","Ticks and tick-borne diseases"
"10.1016/j.ttbdis.2025.102512",2025,"Lithuania","Vilnius",2021,2024,"Flagging, Dragging","Ixodes ricinus","Known","Fairytale Park","54.681722","25.202972",NA,NA,"TIC000104",54.6870458,25.2829111,"CIT000043",FALSE,"Prevalence and diversity of Borrelia spp. in questing ticks from urban green spaces in Lithuania.","Ticks and tick-borne diseases"
"10.1016/j.ttbdis.2025.102512",2025,"Lithuania","Vilnius",2021,2024,"Flagging, Dragging","Ixodes ricinus","Known","Viršuliškės forest park","54.715917","25.234728",NA,NA,"TIC000105",54.6870458,25.2829111,"CIT000043",FALSE,"Prevalence and diversity of Borrelia spp. in questing ticks from urban green spaces in Lithuania.","Ticks and tick-borne diseases"
"10.1016/j.ttbdis.2025.102512",2025,"Lithuania","Kaunas",2021,2024,"Flagging, Dragging","Ixodes ricinus","Known","Panemunė Forest Park","54.876194","23.966972",NA,NA,"TIC000106",54.8982139,23.9044817,"CIT000002",FALSE,"Prevalence and diversity of Borrelia spp. in questing ticks from urban green spaces in Lithuania.","Ticks and tick-borne diseases"
"10.1016/j.ttbdis.2025.102512",2025,"Lithuania","Vilnius",2021,2024,"Flagging, Dragging","Ixodes ricinus","Known","Markučiai Park","54.672889","25.325028",NA,NA,"TIC000107",54.6870458,25.2829111,"CIT000043",FALSE,"Prevalence and diversity of Borrelia spp. in questing ticks from urban green spaces in Lithuania.","Ticks and tick-borne diseases"
"10.1016/j.ttbdis.2025.102512",2025,"Lithuania","Seniava",2021,2024,"Flagging, Dragging","Ixodes ricinus, Dermacentor reticulatus","Known","III Fort of Kaunas Fortress","54.849969","23.906469",NA,NA,"TIC000108",54.8526018,23.908118,"CIT000057",FALSE,"Prevalence and diversity of Borrelia spp. in questing ticks from urban green spaces in Lithuania.","Ticks and tick-borne diseases"
"10.1016/j.ttbdis.2025.102512",2025,"Lithuania","Kėdainiai",2021,2024,"Flagging, Dragging","Ixodes ricinus","Known","Green area","55.274969","23.976994",NA,NA,"TIC000109",55.2887322,23.9758359,"CIT000006",FALSE,"Prevalence and diversity of Borrelia spp. in questing ticks from urban green spaces in Lithuania.","Ticks and tick-borne diseases"
"10.1016/j.ttbdis.2025.102512",2025,"Lithuania","Baubliai",2021,2024,"Flagging, Dragging","Ixodes ricinus, Dermacentor reticulatus","Known","Town Park","55.832886","21.401347",NA,NA,"TIC000110",56.1279566,22.9143592,"CIT000058",FALSE,"Prevalence and diversity of Borrelia spp. in questing ticks from urban green spaces in Lithuania.","Ticks and tick-borne diseases"
"10.1016/j.ttbdis.2025.102512",2025,"Lithuania","Garuckai",2021,2024,"Flagging, Dragging","Ixodes ricinus","Known","Green area, Panevėžys","55.508911","24.311231",NA,NA,"TIC000111",55.5093636,24.3309795,"CIT000059",FALSE,"Prevalence and diversity of Borrelia spp. in questing ticks from urban green spaces in Lithuania.","Ticks and tick-borne diseases"
"10.1016/j.ttbdis.2025.102512",2025,"Lithuania","Marijampolė",2021,2024,"Flagging, Dragging","Ixodes ricinus","Known","Bear Mound","54.547083","23.332303",NA,NA,"TIC000112",54.5562536,23.3503665,"CIT000048",FALSE,"Prevalence and diversity of Borrelia spp. in questing ticks from urban green spaces in Lithuania.","Ticks and tick-borne diseases"
"10.1016/j.ttbdis.2025.102512",2025,"Lithuania","Lukščiai",2021,2024,"Flagging, Dragging","Ixodes ricinus","Known","Good Ideas Park","54.952711","23.178861",NA,NA,"TIC000113",55.7881166,25.6670643,"CIT000060",FALSE,"Prevalence and diversity of Borrelia spp. in questing ticks from urban green spaces in Lithuania.","Ticks and tick-borne diseases"
"10.1016/j.ttbdis.2025.102512",2025,"Lithuania","Marimantas",2021,2024,"Flagging, Dragging","Ixodes ricinus, Dermacentor reticulatus","Known","Marimont Water Mill","55.821928","25.898708",NA,NA,"TIC000114",55.8196577,25.9014335,"CIT000061",FALSE,"Prevalence and diversity of Borrelia spp. in questing ticks from urban green spaces in Lithuania.","Ticks and tick-borne diseases"
"10.1016/j.ttbdis.2025.102512",2025,"Lithuania","Antazavė",2021,2024,"Flagging, Dragging","Ixodes ricinus, Dermacentor reticulatus","Known","Bright People's Park","55.806656","25.929958",NA,NA,"TIC000115",55.8124788,25.9287182,"CIT000062",FALSE,"Prevalence and diversity of Borrelia spp. in questing ticks from urban green spaces in Lithuania.","Ticks and tick-borne diseases"
"10.1016/j.ttbdis.2025.102512",2025,"Lithuania","Aviliai II",2021,2024,"Flagging, Dragging","Ixodes ricinus","Known","Town Park, Zarasai district","55.756683","26.025136",NA,NA,"TIC000116",55.7553158,26.0255073,"CIT000063",FALSE,"Prevalence and diversity of Borrelia spp. in questing ticks from urban green spaces in Lithuania.","Ticks and tick-borne diseases"
"10.1016/j.ttbdis.2025.102512",2025,"Lithuania","Telšiai",2021,2024,"Flagging, Dragging","Ixodes ricinus","Known","Pakapiai recreation area","55.920056","22.390394",NA,NA,"TIC000117",55.9846135,22.2490753,"CIT000064",FALSE,"Prevalence and diversity of Borrelia spp. in questing ticks from urban green spaces in Lithuania.","Ticks and tick-borne diseases"
"10.1016/j.ttbdis.2025.102512",2025,"Lithuania","Vilnius",2021,2024,"Flagging, Dragging","Ixodes ricinus","Known","Fabijoniškės Park","54.724472","25.264444",NA,NA,"TIC000118",54.6870458,25.2829111,"CIT000043",FALSE,"Prevalence and diversity of Borrelia spp. in questing ticks from urban green spaces in Lithuania.","Ticks and tick-borne diseases"
"10.1016/j.ttbdis.2025.102512",2025,"Lithuania","Kaunas",2021,2024,"Flagging, Dragging","Ixodes ricinus","Known","Kleboniškis Forest Park","54.937861","23.924667",NA,NA,"TIC000119",54.8982139,23.9044817,"CIT000002",FALSE,"Prevalence and diversity of Borrelia spp. in questing ticks from urban green spaces in Lithuania.","Ticks and tick-borne diseases"
"10.1016/j.ttbdis.2025.102512",2025,"Lithuania","Kaišiadorys",2021,2024,"Flagging, Dragging","Ixodes ricinus","Known","Kaišiadorys Forest Park","54.865064","24.427533",NA,NA,"TIC000120",54.8602337,24.4544785,"CIT000003",FALSE,"Prevalence and diversity of Borrelia spp. in questing ticks from urban green spaces in Lithuania.","Ticks and tick-borne diseases"
"10.1016/j.ttbdis.2025.102512",2025,"Lithuania","Šiauliai",2021,2024,"Flagging, Dragging","Ixodes ricinus","Known","Salduvė Park","55.930306","23.350786",NA,NA,"TIC000121",55.9340823,23.3157775,"CIT000044",FALSE,"Prevalence and diversity of Borrelia spp. in questing ticks from urban green spaces in Lithuania.","Ticks and tick-borne diseases"
"10.1016/j.ttbdis.2025.102512",2025,"Lithuania","Berčiūnai",2021,2024,"Flagging, Dragging","Ixodes ricinus","Known","Berčiūnai Forest Park","55.739694","24.241528",NA,NA,"TIC000122",55.7374018,24.2297006,"CIT000065",FALSE,"Prevalence and diversity of Borrelia spp. in questing ticks from urban green spaces in Lithuania.","Ticks and tick-borne diseases"
"10.1016/j.ttbdis.2025.102512",2025,"Lithuania","Anykščiai",2021,2024,"Flagging, Dragging","Ixodes ricinus, Dermacentor reticulatus","Known","Adroniškis Park","55.598767","25.039814",NA,NA,"TIC000123",55.5257935,25.1061247,"CIT000066",FALSE,"Prevalence and diversity of Borrelia spp. in questing ticks from urban green spaces in Lithuania.","Ticks and tick-borne diseases"
"10.1016/j.ttbdis.2025.102512",2025,"Lithuania","Biržuvėnai",2021,2024,"Flagging, Dragging","Ixodes ricinus","Known","“The fairy's foot”","55.8977","22.4556",NA,NA,"TIC000124",55.8941864,22.4626667,"CIT000067",FALSE,"Prevalence and diversity of Borrelia spp. in questing ticks from urban green spaces in Lithuania.","Ticks and tick-borne diseases"
"10.1016/j.ttbdis.2025.102512",2025,"Lithuania","Telšiai",2021,2024,"Flagging, Dragging","Ixodes ricinus","Known","Ilgis walking trail","55.969719","22.173783",NA,NA,"TIC000125",55.9846135,22.2490753,"CIT000064",FALSE,"Prevalence and diversity of Borrelia spp. in questing ticks from urban green spaces in Lithuania.","Ticks and tick-borne diseases"
"10.1016/j.ttbdis.2025.102512",2025,"Lithuania","Prienai",2021,2024,"Flagging, Dragging","Ixodes ricinus","Known","Nemunas Loops Regional Park","54.577436","23.951339",NA,NA,"TIC000126",54.6338459,23.9428415,"CIT000068",FALSE,"Prevalence and diversity of Borrelia spp. in questing ticks from urban green spaces in Lithuania.","Ticks and tick-borne diseases"
"10.1016/j.ttbdis.2025.102512",2025,"Lithuania","Palanga",2021,2024,"Flagging, Dragging","Ixodes ricinus","Known","Seaside Regional Park","55.8856","21.057833",NA,NA,"TIC000127",55.9229818,21.0682657,"CIT000069",FALSE,"Prevalence and diversity of Borrelia spp. in questing ticks from urban green spaces in Lithuania.","Ticks and tick-borne diseases"
"10.1186/s13071-025-07090-6",2025,"Finland","Kuopio",2010,2010,"Flagging","Ixodes ricinus","Unknown","Unknown",NA,NA,NA,NA,"TIC000128",62.8924628,27.6783603,"CIT000070",FALSE,"Rickettsia spp. in finnish ixodid ticks.","Parasites & vectors"
"10.1186/s13071-025-07090-6",2025,"Finland","Lappeenranta",2005,2005,"Flagging","Ixodes ricinus","Unknown","Unknown",NA,NA,NA,NA,"TIC000129",61.0583417,28.1862293,"CIT000071",FALSE,"Rickettsia spp. in finnish ixodid ticks.","Parasites & vectors"
"10.1186/s13071-025-07090-6",2025,"Finland","Lappeenranta",2010,2010,"Flagging","Ixodes ricinus","Unknown","Unknown",NA,NA,NA,NA,"TIC000130",61.0583417,28.1862293,"CIT000071",FALSE,"Rickettsia spp. in finnish ixodid ticks.","Parasites & vectors"
"10.1016/j.ttbdis.2025.102567",2025,"Germany","Hanover",2019,2024,"Flagging","Ixodes ricinus, Ixodes frontalis","Approximated","Mecklenheide","52.42613671976744","9.67638149380924",NA,NA,"TIC000131",52.3744779,9.7385532,"CIT000072",FALSE,"Ticks in changing times: Drought seems to be a main driver of declining Ixodes ricinus abundance in an urban setting.","Ticks and tick-borne diseases"
"10.1016/j.ttbdis.2025.102567",2025,"Germany","Hanover",2019,2024,"Flagging","Ixodes ricinus","Approximated","Große Heide","52.43616195498552","9.79618453879227",NA,NA,"TIC000132",52.3744779,9.7385532,"CIT000072",FALSE,"Ticks in changing times: Drought seems to be a main driver of declining Ixodes ricinus abundance in an urban setting.","Ticks and tick-borne diseases"
"10.1016/j.ttbdis.2025.102567",2025,"Germany","Hanover",2019,2024,"Flagging","Ixodes ricinus, Ixodes frontalis","Approximated","Misburger Wald","52.405221289059405","9.843688832534818",NA,NA,"TIC000133",52.3744779,9.7385532,"CIT000072",FALSE,"Ticks in changing times: Drought seems to be a main driver of declining Ixodes ricinus abundance in an urban setting.","Ticks and tick-borne diseases"
"10.1016/j.ttbdis.2025.102567",2025,"Germany","Hanover",2019,2024,"Flagging","Ixodes ricinus","Approximated","Annateiche","52.371522","9.813383",NA,NA,"TIC000134",52.3744779,9.7385532,"CIT000072",FALSE,"Ticks in changing times: Drought seems to be a main driver of declining Ixodes ricinus abundance in an urban setting.","Ticks and tick-borne diseases"
"10.1016/j.ttbdis.2025.102567",2025,"Germany","Hanover",2019,2024,"Flagging","Ixodes ricinus","Approximated","Georgengarten","52.38613245301747","9.706440969281418",NA,NA,"TIC000135",52.3744779,9.7385532,"CIT000072",FALSE,"Ticks in changing times: Drought seems to be a main driver of declining Ixodes ricinus abundance in an urban setting.","Ticks and tick-borne diseases"
"10.1016/j.ttbdis.2025.102567",2025,"Germany","Hanover",2019,2024,"Flagging","Ixodes ricinus","Approximated","Maschpark","52.3661270467249","9.738946540061814",NA,NA,"TIC000136",52.3744779,9.7385532,"CIT000072",FALSE,"Ticks in changing times: Drought seems to be a main driver of declining Ixodes ricinus abundance in an urban setting.","Ticks and tick-borne diseases"
"10.1016/j.ttbdis.2025.102567",2025,"Germany","Hanover",2019,2024,"Flagging","Ixodes ricinus, Ixodes hexagonus, Ixodes frontalis","Approximated","Seelhorster Wald","52.3484544787941","9.811936118121066",NA,NA,"TIC000137",52.3744779,9.7385532,"CIT000072",FALSE,"Ticks in changing times: Drought seems to be a main driver of declining Ixodes ricinus abundance in an urban setting.","Ticks and tick-borne diseases"
"10.1016/j.ttbdis.2025.102567",2025,"Germany","Hanover",2019,2024,"Flagging","Ixodes ricinus, Ixodes frontalis","Approximated","Großer Ricklinger Teich","52.334472","9.742159",NA,NA,"TIC000138",52.3744779,9.7385532,"CIT000072",FALSE,"Ticks in changing times: Drought seems to be a main driver of declining Ixodes ricinus abundance in an urban setting.","Ticks and tick-borne diseases"
"10.1016/j.ttbdis.2025.102567",2025,"Germany","Hanover",2019,2024,"Flagging","Ixodes ricinus, Ixodes frontalis","Approximated","Bornumer Holz","52.353052379577505","9.682390477533655",NA,NA,"TIC000139",52.3744779,9.7385532,"CIT000072",FALSE,"Ticks in changing times: Drought seems to be a main driver of declining Ixodes ricinus abundance in an urban setting.","Ticks and tick-borne diseases"
"10.1016/j.ttbdis.2025.102567",2025,"Germany","Hanover",2019,2024,"Flagging","Ixodes ricinus","Approximated","Eilenriede","52.38425593279534","9.758148696459003",NA,NA,"TIC000140",52.3744779,9.7385532,"CIT000072",FALSE,"Ticks in changing times: Drought seems to be a main driver of declining Ixodes ricinus abundance in an urban setting.","Ticks and tick-borne diseases"
"10.1016/j.ttbdis.2025.102458",2025,"Hungary","Budapest",2019,2020,"Flagging, Dragging","Haemaphysalis concinna","Unknown","Unknown",NA,NA,NA,NA,"TIC000141",47.4978789,19.0402383,"CIT000073",FALSE,"Uneven temporal distribution of piroplasms (Piroplasmida: Babesiidae, Theileriidae) in Haemaphysalis concinna in an urban biotope of the Western Palearctic focus region of this tick species.","Ticks and tick-borne diseases"
"10.1155/2024/4064855",2024,"Italy","Venaria Reale",2020,2021,"Dragging","Ixodes ricinus, Ixodes hexagonus, Dermacentor reticulatus, Haemaphysalis punctata, Haemaphysalis concinna, Rhipicephalus sanguineus","Approximated","La Mandria Natural Park","45.171360945332545","7.55778502679073",NA,NA,"TIC000142",45.1348114,7.6268658,"CIT000074",FALSE,"An Integrated Approach to an Emerging Problem: Implementing a Whole Year of Camera Trap Survey in Evaluating the Impact of Wildlife on Tick Abundance.","Transboundary and emerging diseases"
"10.1007/s10493-024-00927-2",2024,"Poland","Wrocław",2020,2020,"Animal","Ixodes ricinus","Approximated","Rędziński Forest","51.16509890288904","16.949842431378766",NA,NA,"TIC000143",51.1089776,17.0326689,"CIT000014",FALSE,"Bacterial pathogens in Ixodes ricinus collected from lizards Lacerta agilis and Zootoca vivipara in urban areas of Wrocław, SW Poland- preliminary study.","Experimental & applied acarology"
"10.1016/j.ttbdis.2024.102417",2024,"Germany","Hanover",2024,2024,"Flagging","Ixodes ricinus","Unknown","Unknown",NA,NA,NA,NA,"TIC000144",52.3744779,9.7385532,"CIT000072",FALSE,"Ixodes ricinus ticks survive flooding.","Ticks and tick-borne diseases"
"10.1038/s41598-024-55021-9",2024,"Hungary","Ócsa",2015,2022,"Animal","Ixodes ricinus, Ixodes frontalis, Ixodes arboricola, Ixodes festai, Ixodes lividus, Dermacentor reticulatus, Haemaphysalis punctata, Haemaphysalis concinna, Hyalomma marginatum, Hyalomma rufipes","Known","Ócsa Bird Ringing Station","47.2970","19.2104",NA,NA,"TIC000145",47.3011895,19.2313617,"CIT000075",FALSE,"Long term evaluation of factors influencing the association of ixodid ticks with birds in Central Europe, Hungary.","Scientific reports"
"10.1186/s13071-024-06129-4",2024,"Poland","Warsaw",2023,2023,"Visual collection from vegetation","Dermacentor reticulatus","Approximated","Siekierki","52.21242306684668","21.07205612034665",NA,NA,"TIC000146",52.2319581,21.0067249,"CIT000076",FALSE,"Mixed-sex clusters on grass blades: breeding strategy of the ornate dog tick, Dermacentor reticulatus.","Parasites & vectors"
"10.1007/s10493-024-00955-y",2024,"Poland","Warsaw",2019,2020,"Animal","Ixodes ricinus","Known","Royal Łazienki Museum","52.21472","21.03278",NA,NA,"TIC000147",52.2319581,21.0067249,"CIT000076",FALSE,"Pathogens detected in ticks (Ixodes ricinus) feeding on red squirrels (Sciurus vulgaris) from city parks in Warsaw.","Experimental & applied acarology"
"10.1007/s10493-024-00955-y",2024,"Poland","Warsaw",2019,2020,"Animal","Ixodes ricinus","Known","Natolin Forest Reserve","52.13889","21.07361",NA,NA,"TIC000148",52.2319581,21.0067249,"CIT000076",FALSE,"Pathogens detected in ticks (Ixodes ricinus) feeding on red squirrels (Sciurus vulgaris) from city parks in Warsaw.","Experimental & applied acarology"
"10.1007/s10493-024-00965-w",2024,"Poland","Gdańsk",2016,2017,"Flagging","Ixodes ricinus","Known","Unknown","54.3520","18.6466",NA,NA,"TIC000149",54.3482907,18.6540233,"CIT000077",FALSE,"Prevalence and genotyping of Toxoplasma gondii in questing Ixodes ricinus ticks from forest areas of Northern Poland.","Experimental & applied acarology"
"10.26444/aaem/186025",2024,"Poland","Powroźnik",2018,2018,"Flagging","Ixodes ricinus","Known","Poprad Landscape Park","49.53344","20.64258",NA,NA,"TIC000150",49.3706205,20.9516912,"CIT000078",FALSE,"The potential risk of human exposure to tick borne infection by Borrelia burgdorferi sensu lato, Anaplasma phagocytophilum, and Babesia microti in selected recreational areas of the Poprad Landscape Park in southern Poland.","Annals of agricultural and environmental medicine : AAEM"
"10.26444/aaem/186025",2024,"Poland","Powroźnik",2018,2018,"Flagging","Ixodes ricinus","Known","Poprad Landscape Park","49.53286","20.64042",NA,NA,"TIC000151",49.3706205,20.9516912,"CIT000078",FALSE,"The potential risk of human exposure to tick borne infection by Borrelia burgdorferi sensu lato, Anaplasma phagocytophilum, and Babesia microti in selected recreational areas of the Poprad Landscape Park in southern Poland.","Annals of agricultural and environmental medicine : AAEM"
"10.26444/aaem/186025",2024,"Poland","Powroźnik",2018,2018,"Flagging","Ixodes ricinus","Known","Poprad Landscape Park","49.52636","20.66153",NA,NA,"TIC000152",49.3706205,20.9516912,"CIT000078",FALSE,"The potential risk of human exposure to tick borne infection by Borrelia burgdorferi sensu lato, Anaplasma phagocytophilum, and Babesia microti in selected recreational areas of the Poprad Landscape Park in southern Poland.","Annals of agricultural and environmental medicine : AAEM"
"10.3390/microorganisms12091918",2024,"Estonia","Tallinn",2018,2018,"Flagging","Ixodes ricinus","Known","Pirita river valley","59.4574","24.9023",NA,NA,"TIC000153",59.437242,24.7572693,"CIT000079",FALSE,"Ticks and Tick-Borne Pathogens in Popular Recreational Areas in Tallinn, Estonia: The Underestimated Risk of Tick-Borne Diseases.","Microorganisms"
"10.3390/microorganisms12091918",2024,"Estonia","Tallinn",2018,2018,"Flagging","Ixodes ricinus","Known","Pirita forested park","59.4604","24.8593",NA,NA,"TIC000154",59.437242,24.7572693,"CIT000079",FALSE,"Ticks and Tick-Borne Pathogens in Popular Recreational Areas in Tallinn, Estonia: The Underestimated Risk of Tick-Borne Diseases.","Microorganisms"
"10.3390/microorganisms12091918",2024,"Estonia","Tallinn",2018,2018,"Flagging","Ixodes ricinus","Known","Kadrioru","59.4415","24.7982",NA,NA,"TIC000155",59.437242,24.7572693,"CIT000079",FALSE,"Ticks and Tick-Borne Pathogens in Popular Recreational Areas in Tallinn, Estonia: The Underestimated Risk of Tick-Borne Diseases.","Microorganisms"
"10.3390/microorganisms12091918",2024,"Estonia","Tallinn",2018,2018,"Flagging","Ixodes ricinus","Known","Ilmarise health trails","59.3659","24.6666",NA,NA,"TIC000156",59.437242,24.7572693,"CIT000079",FALSE,"Ticks and Tick-Borne Pathogens in Popular Recreational Areas in Tallinn, Estonia: The Underestimated Risk of Tick-Borne Diseases.","Microorganisms"
"10.3390/microorganisms12091918",2024,"Estonia","Tallinn",2018,2018,"Flagging","Ixodes ricinus","Known","Stroomi","59.4372","24.6921",NA,NA,"TIC000157",59.437242,24.7572693,"CIT000079",FALSE,"Ticks and Tick-Borne Pathogens in Popular Recreational Areas in Tallinn, Estonia: The Underestimated Risk of Tick-Borne Diseases.","Microorganisms"
"10.3390/microorganisms12091918",2024,"Estonia","Tallinn",2018,2018,"Flagging","Ixodes ricinus","Known","Estonian Open Air Museum","59.4323","24.6395",NA,NA,"TIC000158",59.437242,24.7572693,"CIT000079",FALSE,"Ticks and Tick-Borne Pathogens in Popular Recreational Areas in Tallinn, Estonia: The Underestimated Risk of Tick-Borne Diseases.","Microorganisms"
"10.3390/microorganisms12091918",2024,"Estonia","Tallinn",2018,2018,"Flagging","Ixodes ricinus, Ixodes persulcatus","Known","Sütiste forested park","59.3944","24.6899",NA,NA,"TIC000159",59.437242,24.7572693,"CIT000079",FALSE,"Ticks and Tick-Borne Pathogens in Popular Recreational Areas in Tallinn, Estonia: The Underestimated Risk of Tick-Borne Diseases.","Microorganisms"
"10.3390/microorganisms12091918",2024,"Estonia","Tallinn",2018,2018,"Flagging","Ixodes ricinus","Known","Nõmme-Mustamäe","59.38952","24.6745",NA,NA,"TIC000160",59.437242,24.7572693,"CIT000079",FALSE,"Ticks and Tick-Borne Pathogens in Popular Recreational Areas in Tallinn, Estonia: The Underestimated Risk of Tick-Borne Diseases.","Microorganisms"
"10.3390/microorganisms12091918",2024,"Estonia","Tallinn",2018,2018,"Flagging","Ixodes ricinus","Known","Tallinn Zoo","59.4208","24.6616",NA,NA,"TIC000161",59.437242,24.7572693,"CIT000079",FALSE,"Ticks and Tick-Borne Pathogens in Popular Recreational Areas in Tallinn, Estonia: The Underestimated Risk of Tick-Borne Diseases.","Microorganisms"
"10.1007/s10493-024-00932-5",2024,"Poland","Zielona Góra",2021,2021,"Flagging","Ixodes ricinus, Dermacentor reticulatus","Unknown","Unknown",NA,NA,NA,NA,"TIC000162",51.9383777,15.5050408,"CIT000080",FALSE,"Ticks and spirochetes of the genus Borrelia in urban areas of Central-Western Poland.","Experimental & applied acarology"
"10.1186/s12942-024-00380-9",2024,"France","Nancy",2020,2022,"Dragging","Ixodes ricinus","Unknown","Unknown",NA,NA,NA,NA,"TIC000163",48.6937223,6.1834097,"CIT000081",FALSE,"Understanding Ixodes ricinus occurrence in private yards: influence of yard and landscape features.","International journal of health geographics"
"10.1016/j.ttbdis.2022.102074",2023,"Germany","Hanover",2020,2020,"Flagging","Ixodes ricinus/Ixodes inopinatus complex","Approximated","Annateiche","52.371522","9.813383",NA,NA,"TIC000164",52.3744779,9.7385532,"CIT000072",FALSE,"15-year Borrelia prevalence and species distribution monitoring in Ixodes ricinus/inopinatus populations in the city of Hanover, Germany.","Ticks and tick-borne diseases"
"10.1016/j.ttbdis.2022.102074",2023,"Germany","Hanover",2020,2020,"Flagging","Ixodes ricinus/Ixodes inopinatus complex","Approximated","Bornumer Holz","52.353052379577505","9.682390477533655",NA,NA,"TIC000165",52.3744779,9.7385532,"CIT000072",FALSE,"15-year Borrelia prevalence and species distribution monitoring in Ixodes ricinus/inopinatus populations in the city of Hanover, Germany.","Ticks and tick-borne diseases"
"10.1016/j.ttbdis.2022.102074",2023,"Germany","Hanover",2020,2020,"Flagging","Ixodes ricinus/Ixodes inopinatus complex","Approximated","Eilenriede","52.38425593279534","9.758148696459003",NA,NA,"TIC000166",52.3744779,9.7385532,"CIT000072",FALSE,"15-year Borrelia prevalence and species distribution monitoring in Ixodes ricinus/inopinatus populations in the city of Hanover, Germany.","Ticks and tick-borne diseases"
"10.1016/j.ttbdis.2022.102074",2023,"Germany","Hanover",2020,2020,"Flagging","Ixodes ricinus/Ixodes inopinatus complex","Approximated","Georgengarten","52.38613245301747","9.706440969281418",NA,NA,"TIC000167",52.3744779,9.7385532,"CIT000072",FALSE,"15-year Borrelia prevalence and species distribution monitoring in Ixodes ricinus/inopinatus populations in the city of Hanover, Germany.","Ticks and tick-borne diseases"
"10.1016/j.ttbdis.2022.102074",2023,"Germany","Hanover",2020,2020,"Flagging","Ixodes ricinus/Ixodes inopinatus complex","Approximated","Große Heide","52.43616195498552","9.79618453879227",NA,NA,"TIC000168",52.3744779,9.7385532,"CIT000072",FALSE,"15-year Borrelia prevalence and species distribution monitoring in Ixodes ricinus/inopinatus populations in the city of Hanover, Germany.","Ticks and tick-borne diseases"
"10.1016/j.ttbdis.2022.102074",2023,"Germany","Hanover",2020,2020,"Flagging","Ixodes ricinus/Ixodes inopinatus complex","Approximated","Misburger Wald","52.405221289059405","9.843688832534818",NA,NA,"TIC000169",52.3744779,9.7385532,"CIT000072",FALSE,"15-year Borrelia prevalence and species distribution monitoring in Ixodes ricinus/inopinatus populations in the city of Hanover, Germany.","Ticks and tick-borne diseases"
"10.1016/j.ttbdis.2022.102074",2023,"Germany","Hanover",2020,2020,"Flagging","Ixodes ricinus/Ixodes inopinatus complex","Approximated","Mecklenheide","52.42613671976744","9.67638149380924",NA,NA,"TIC000170",52.3744779,9.7385532,"CIT000072",FALSE,"15-year Borrelia prevalence and species distribution monitoring in Ixodes ricinus/inopinatus populations in the city of Hanover, Germany.","Ticks and tick-borne diseases"
"10.1016/j.ttbdis.2022.102074",2023,"Germany","Hanover",2020,2020,"Flagging","Ixodes ricinus/Ixodes inopinatus complex","Approximated","Maschpark","52.3661270467249","9.738946540061814",NA,NA,"TIC000171",52.3744779,9.7385532,"CIT000072",FALSE,"15-year Borrelia prevalence and species distribution monitoring in Ixodes ricinus/inopinatus populations in the city of Hanover, Germany.","Ticks and tick-borne diseases"
"10.1016/j.ttbdis.2022.102074",2023,"Germany","Hanover",2020,2020,"Flagging","Ixodes ricinus/Ixodes inopinatus complex","Approximated","Ricklinger Teiche","52.334472","9.742159",NA,NA,"TIC000172",52.3744779,9.7385532,"CIT000072",FALSE,"15-year Borrelia prevalence and species distribution monitoring in Ixodes ricinus/inopinatus populations in the city of Hanover, Germany.","Ticks and tick-borne diseases"
"10.1016/j.ttbdis.2022.102074",2023,"Germany","Hanover",2020,2020,"Flagging","Ixodes ricinus/Ixodes inopinatus complex","Approximated","Seelhorster Wald","52.3484544787941","9.811936118121066",NA,NA,"TIC000173",52.3744779,9.7385532,"CIT000072",FALSE,"15-year Borrelia prevalence and species distribution monitoring in Ixodes ricinus/inopinatus populations in the city of Hanover, Germany.","Ticks and tick-borne diseases"
"10.1016/j.actatropica.2025.107899",2025,"Belgium","As",2024,2024,"Flagging","Ixodes ricinus","Unknown","Unknown",NA,NA,NA,NA,"TIC000174",51.0063339,5.5831347,"CIT000082",FALSE,"In search for tick-borne encephalitis virus and Rickettsia in Belgian Ixodes ricinus ticks: Evidence of rickettsia felis.","Acta tropica"
"10.1016/j.crpvbd.2025.100254",2025,"Spain","Santalla",2019,2019,"Flagging, Dragging","Ixodes ricinus, Dermacentor reticulatus","Known","Unknown","42.986339","-7.548547",NA,NA,"TIC000175",43.2586817,-7.0278744,"CIT000083",FALSE,"Monitoring of questing tick species distribution in Galicia, north-western Spain, over a period of 5.5 years.","Current research in parasitology & vector-borne diseases"
"10.1016/j.crpvbd.2025.100254",2025,"Spain","Lugo",2019,2019,"Flagging, Dragging","Rhipicephalus sanguineus","Known","Unknown","42.987152","-7.536289",NA,NA,"TIC000176",42.9913123,-7.5908294,"CIT000028",FALSE,"Monitoring of questing tick species distribution in Galicia, north-western Spain, over a period of 5.5 years.","Current research in parasitology & vector-borne diseases"
"10.1016/j.crpvbd.2025.100254",2025,"Spain","Lugo",2019,2019,"Flagging, Dragging","Dermacentor reticulatus","Known","Unknown","43.005698","-7.587595",NA,NA,"TIC000177",42.9913123,-7.5908294,"CIT000028",FALSE,"Monitoring of questing tick species distribution in Galicia, north-western Spain, over a period of 5.5 years.","Current research in parasitology & vector-borne diseases"
"10.1016/j.crpvbd.2025.100254",2025,"Spain","Lugo",2019,2019,"Flagging, Dragging","Ixodes ricinus","Known","Unknown","42.995852","-7.536108",NA,NA,"TIC000178",42.9913123,-7.5908294,"CIT000028",FALSE,"Monitoring of questing tick species distribution in Galicia, north-western Spain, over a period of 5.5 years.","Current research in parasitology & vector-borne diseases"
"10.1016/j.crpvbd.2025.100254",2025,"Spain","Lugo",2019,2019,"Flagging, Dragging","Rhipicephalus sanguineus","Known","Unknown","43.000556","-7.582700",NA,NA,"TIC000179",42.9913123,-7.5908294,"CIT000028",FALSE,"Monitoring of questing tick species distribution in Galicia, north-western Spain, over a period of 5.5 years.","Current research in parasitology & vector-borne diseases"
"10.1016/j.crpvbd.2025.100254",2025,"Spain","Martinete",2020,2020,"Flagging, Dragging","Dermacentor reticulatus","Known","Unknown","43.264949","-8.197845",NA,NA,"TIC000180",41.2438537,-3.0604556,"CIT000084",FALSE,"Monitoring of questing tick species distribution in Galicia, north-western Spain, over a period of 5.5 years.","Current research in parasitology & vector-borne diseases"
"10.1016/j.crpvbd.2025.100254",2025,"Spain","Lugo",2020,2020,"Flagging, Dragging","Dermacentor reticulatus","Known","Unknown","42.992831","-7.533541",NA,NA,"TIC000181",42.9913123,-7.5908294,"CIT000028",FALSE,"Monitoring of questing tick species distribution in Galicia, north-western Spain, over a period of 5.5 years.","Current research in parasitology & vector-borne diseases"
"10.1016/j.crpvbd.2025.100254",2025,"Spain","Lalín",2020,2020,"Flagging, Dragging","Rhipicephalus sanguineus","Known","Unknown","42.657469","-8.093507",NA,NA,"TIC000182",42.6575058,-8.0943083,"CIT000085",FALSE,"Monitoring of questing tick species distribution in Galicia, north-western Spain, over a period of 5.5 years.","Current research in parasitology & vector-borne diseases"
"10.1016/j.crpvbd.2025.100254",2025,"Spain","O Barco de Valdeorras",2020,2020,"Flagging, Dragging","Dermacentor reticulatus","Known","Unknown","42.426873","-7.007807",NA,NA,"TIC000183",42.4301028,-6.9801028,"CIT000086",FALSE,"Monitoring of questing tick species distribution in Galicia, north-western Spain, over a period of 5.5 years.","Current research in parasitology & vector-borne diseases"
"10.1016/j.crpvbd.2025.100254",2025,"Spain","Casanova",2020,2020,"Flagging, Dragging","Rhipicephalus sanguineus","Known","Unknown","42.413068","-8.045496",NA,NA,"TIC000184",42.8786677,-7.9274575,"CIT000087",FALSE,"Monitoring of questing tick species distribution in Galicia, north-western Spain, over a period of 5.5 years.","Current research in parasitology & vector-borne diseases"
"10.1016/j.crpvbd.2025.100254",2025,"Spain","Montecelo",2020,2020,"Flagging, Dragging","Rhipicephalus sanguineus","Known","Unknown","43.323552","-8.218593",NA,NA,"TIC000185",42.369146,-8.7368452,"CIT000088",FALSE,"Monitoring of questing tick species distribution in Galicia, north-western Spain, over a period of 5.5 years.","Current research in parasitology & vector-borne diseases"
"10.1016/j.crpvbd.2025.100254",2025,"Spain","Muíños",2020,2020,"Flagging, Dragging","Rhipicephalus sanguineus","Known","Unknown","43.279352","-7.677735",NA,NA,"TIC000186",41.9368705,-7.9800073,"CIT000089",FALSE,"Monitoring of questing tick species distribution in Galicia, north-western Spain, over a period of 5.5 years.","Current research in parasitology & vector-borne diseases"
"10.1016/j.crpvbd.2025.100254",2025,"Spain","Santalla",2020,2020,"Flagging, Dragging","Dermacentor reticulatus","Known","Unknown","42.986899","-7.544262",NA,NA,"TIC000187",43.2586817,-7.0278744,"CIT000083",FALSE,"Monitoring of questing tick species distribution in Galicia, north-western Spain, over a period of 5.5 years.","Current research in parasitology & vector-borne diseases"
"10.1016/j.crpvbd.2025.100254",2025,"Spain","Santalla",2020,2020,"Flagging, Dragging","Dermacentor reticulatus","Known","Unknown","42.984087","-7.543605",NA,NA,"TIC000188",43.2586817,-7.0278744,"CIT000083",FALSE,"Monitoring of questing tick species distribution in Galicia, north-western Spain, over a period of 5.5 years.","Current research in parasitology & vector-borne diseases"
"10.1016/j.crpvbd.2025.100254",2025,"Spain","A Coruña",2021,2021,"Flagging, Dragging","Rhipicephalus sanguineus","Known","Unknown","43.322072","-8.451743",NA,NA,"TIC000189",43.3466447,-8.4127029,"CIT000029",FALSE,"Monitoring of questing tick species distribution in Galicia, north-western Spain, over a period of 5.5 years.","Current research in parasitology & vector-borne diseases"
"10.1016/j.crpvbd.2025.100254",2025,"Spain","O Areal",2021,2021,"Flagging, Dragging","Dermacentor reticulatus","Known","Unknown","42.181446","-8.485431",NA,NA,"TIC000190",42.7998649,-8.6345737,"CIT000090",FALSE,"Monitoring of questing tick species distribution in Galicia, north-western Spain, over a period of 5.5 years.","Current research in parasitology & vector-borne diseases"
"10.1016/j.crpvbd.2025.100254",2025,"Spain","Ribeiranova",2022,2022,"Flagging, Dragging","Rhipicephalus sanguineus","Known","Unknown","43.458149","-7.828718",NA,NA,"TIC000191",43.458149,-7.828718,"CIT000091",TRUE,"Monitoring of questing tick species distribution in Galicia, north-western Spain, over a period of 5.5 years.","Current research in parasitology & vector-borne diseases"
"10.1016/j.crpvbd.2025.100254",2025,"Spain","Paseo dos Soños",2023,2023,"Flagging, Dragging","Ixodes ricinus","Known","Unknown","43.391748","-8.135269",NA,NA,"TIC000192",43.391748,-8.135269,"CIT000092",TRUE,"Monitoring of questing tick species distribution in Galicia, north-western Spain, over a period of 5.5 years.","Current research in parasitology & vector-borne diseases"
"10.1016/j.crpvbd.2025.100254",2025,"Spain","Baiona",2023,2023,"Flagging, Dragging","Rhipicephalus sanguineus","Known","Mirador Monte Silleiro","42.108279","-8.888738",NA,NA,"TIC000193",42.0881275,-8.8485132,"CIT000093",FALSE,"Monitoring of questing tick species distribution in Galicia, north-western Spain, over a period of 5.5 years.","Current research in parasitology & vector-borne diseases"
"10.1016/j.crpvbd.2025.100254",2025,"Spain","Lugo",2023,2023,"Flagging, Dragging","Ixodes ricinus","Known","San Cibrán - Ruta ciclista","42.080291","-8.796687",NA,NA,"TIC000194",42.9913123,-7.5908294,"CIT000028",FALSE,"Monitoring of questing tick species distribution in Galicia, north-western Spain, over a period of 5.5 years.","Current research in parasitology & vector-borne diseases"
"10.26444/aaem/186025",2024,"Poland","Powroźnik",2019,2019,"Flagging","Ixodes ricinus","Known","Poprad Landscape Park","49.520028","20.642528",NA,NA,"TIC000195",49.3706205,20.9516912,"CIT000078",FALSE,"The potential risk of human exposure to tick borne infection by Borrelia burgdorferi sensu lato, Anaplasma phagocytophilum, and Babesia microti in selected recreational areas of the Poprad Landscape Park in southern Poland.","Annals of agricultural and environmental medicine : AAEM"
"10.26444/aaem/186025",2024,"Poland","Powroźnik",2019,2019,"Flagging","Ixodes ricinus","Known","Poprad Landscape Park","49.519639","20.642778",NA,NA,"TIC000196",49.3706205,20.9516912,"CIT000078",FALSE,"The potential risk of human exposure to tick borne infection by Borrelia burgdorferi sensu lato, Anaplasma phagocytophilum, and Babesia microti in selected recreational areas of the Poprad Landscape Park in southern Poland.","Annals of agricultural and environmental medicine : AAEM"
"10.26444/aaem/186025",2024,"Poland","Powroźnik",2019,2019,"Flagging","Ixodes ricinus","Known","Poprad Landscape Park","49.519444","20.643361",NA,NA,"TIC000197",49.3706205,20.9516912,"CIT000078",FALSE,"The potential risk of human exposure to tick borne infection by Borrelia burgdorferi sensu lato, Anaplasma phagocytophilum, and Babesia microti in selected recreational areas of the Poprad Landscape Park in southern Poland.","Annals of agricultural and environmental medicine : AAEM"
"10.1016/j.ttbdis.2023.102188",2023,"Poland","Poznań",2017,2018,"Flagging","Ixodes ricinus","Approximated","Morasko Campus","52.466635452165534","16.92597721172245",NA,NA,"TIC000198",52.4082663,16.9335199,"CIT000094",FALSE,"Exposure of dogs and cats to Borrelia miyamotoi infected Ixodes ricinus ticks in urban areas of the city of Poznań, west-central Poland.","Ticks and tick-borne diseases"
"10.1016/j.ttbdis.2023.102188",2023,"Poland","Poznań",2017,2018,"Flagging","Ixodes ricinus","Approximated","Rusałka Lake","52.42783202594755","16.878985280522123",NA,NA,"TIC000199",52.4082663,16.9335199,"CIT000094",FALSE,"Exposure of dogs and cats to Borrelia miyamotoi infected Ixodes ricinus ticks in urban areas of the city of Poznań, west-central Poland.","Ticks and tick-borne diseases"
"10.1016/j.ttbdis.2023.102188",2023,"Poland","Poznań",2017,2018,"Flagging","Ixodes ricinus","Approximated","Cytadela Park","52.42179194452462","16.936151082884717",NA,NA,"TIC000200",52.4082663,16.9335199,"CIT000094",FALSE,"Exposure of dogs and cats to Borrelia miyamotoi infected Ixodes ricinus ticks in urban areas of the city of Poznań, west-central Poland.","Ticks and tick-borne diseases"
"10.1016/j.ttbdis.2023.102188",2023,"Poland","Poznań",2017,2018,"Flagging","Ixodes ricinus","Approximated","Sołacki Park","52.423348096587674","16.901981655900634",NA,NA,"TIC000201",52.4082663,16.9335199,"CIT000094",FALSE,"Exposure of dogs and cats to Borrelia miyamotoi infected Ixodes ricinus ticks in urban areas of the city of Poznań, west-central Poland.","Ticks and tick-borne diseases"
"10.1016/j.ttbdis.2023.102188",2023,"Poland","Poznań",2017,2018,"Flagging","Ixodes ricinus","Approximated","Malta Lake","52.40431195787659","16.970945282105532",NA,NA,"TIC000202",52.4082663,16.9335199,"CIT000094",FALSE,"Exposure of dogs and cats to Borrelia miyamotoi infected Ixodes ricinus ticks in urban areas of the city of Poznań, west-central Poland.","Ticks and tick-borne diseases"
"10.3390/microorganisms11040881",2023,"Hungary","Budapest",2022,2022,"Animal","Ixodes ricinus, Ixodes hexagonus","Approximated","Margaret Island","47.52769446093518","19.047511297202778",NA,NA,"TIC000203",47.4978789,19.0402383,"CIT000073",FALSE,"Features of Engorgement of Ixodes ricinus Ticks Infesting the Northern White-Breasted Hedgehog in an Urban Park.","Microorganisms"
"10.3389/fvets.2023.1147186",2023,"Hungary","Ócsa",2022,2022,"Animal","Ixodes ricinus, Ixodes frontalis, Dermacentor reticulatus, Haemaphysalis concinna","Known","Ócsa Bird Ringing Station","47.316667","19.216667",NA,NA,"TIC000204",47.3011895,19.2313617,"CIT000075",FALSE,"Ornithological and molecular evidence of a reproducing Hyalomma rufipes population under continental climate in Europe.","Frontiers in veterinary science"
"10.3389/fvets.2023.1147186",2023,"Hungary","Szatymaz",2022,2022,"Animal","Ixodes ricinus, Haemaphysalis concinna","Approximated","Lake Fehér Ornithology Camp","46.34734617827679","20.10449253939177",NA,NA,"TIC000205",46.3416797,20.0415788,"CIT000095",FALSE,"Ornithological and molecular evidence of a reproducing Hyalomma rufipes population under continental climate in Europe.","Frontiers in veterinary science"
"10.3390/ani13182960",2023,"Poland","Warsaw",2011,2011,"Animal","Dermacentor reticulatus","Known","South-eastern vicinity of Warsaw","52.153392","21.178522",NA,NA,"TIC000206",52.2319581,21.0067249,"CIT000076",FALSE,"Parasitic Arthropods of Soricinae Shrews in North-Eastern Poland.","Animals : an open access journal from MDPI"
"10.1111/zph.13049",2023,"Denmark","Sorø",2016,2016,"Dragging","Ixodes ricinus","Known","Unknown","55.42","11.55",NA,NA,"TIC000207",55.4365822,11.5629363,"CIT000096",FALSE,"Prevalence of tick-borne encephalitis virus in questing Ixodes ricinus nymphs in southern Scandinavia and the possible influence of meteorological factors.","Zoonoses and public health"
"10.1111/zph.13049",2023,"Denmark","Gråsten",2016,2016,"Dragging","Ixodes ricinus","Known","Unknown","54.92","9.56",NA,NA,"TIC000208",54.9140178,9.5866302,"CIT000097",FALSE,"Prevalence of tick-borne encephalitis virus in questing Ixodes ricinus nymphs in southern Scandinavia and the possible influence of meteorological factors.","Zoonoses and public health"
"10.3390/microorganisms11071666",2023,"Slovakia","Bratislava",2011,2013,"Dragging","Ixodes ricinus","Known","Unknown","48.166667","17.066667",NA,NA,"TIC000209",48.1516988,17.1093063,"CIT000098",FALSE,"Spatial and Temporal Variability in Prevalence Rates of Members of the Borrelia burgdorferi Species Complex in Ixodes ricinus Ticks in Urban, Agricultural and Sylvatic Habitats in Slovakia.","Microorganisms"
"10.3390/pathogens12091186",2023,"Poland","Jawornik",2022,2023,"Flagging","Ixodes ricinus","Unknown","Unknown",NA,NA,NA,NA,"TIC000210",49.3589231,22.0996862,"CIT000099",FALSE,"Tick Activity, Host Range, and Tick-Borne Pathogen Prevalence in Mountain Habitats of the Western Carpathians, Poland.","Pathogens (Basel, Switzerland)"
"10.3390/pathogens12091186",2023,"Poland","Rzeszów",2022,2023,"Flagging","Ixodes ricinus, Dermacentor reticulatus","Unknown","Unknown",NA,NA,NA,NA,"TIC000211",50.0374531,22.0047174,"CIT000100",FALSE,"Tick Activity, Host Range, and Tick-Borne Pathogen Prevalence in Mountain Habitats of the Western Carpathians, Poland.","Pathogens (Basel, Switzerland)"
"10.3390/pathogens12091186",2023,"Poland","Rogi",2022,2023,"Flagging","Ixodes ricinus","Unknown","Unknown",NA,NA,NA,NA,"TIC000212",50.6613522,17.5270091,"CIT000101",FALSE,"Tick Activity, Host Range, and Tick-Borne Pathogen Prevalence in Mountain Habitats of the Western Carpathians, Poland.","Pathogens (Basel, Switzerland)"
"10.1111/mve.12648",2023,"Spain","Lugo",2020,2021,"Flagging","Ixodes ricinus, Ixodes frontalis, Dermacentor reticulatus, Rhipicephalus sanguineus s.l.","Unknown","Unknown",NA,NA,NA,NA,"TIC000213",42.9913123,-7.5908294,"CIT000028",FALSE,"Tick-borne pathogens in ticks from urban and suburban areas of north-western Spain: Importance of Ixodes frontalis harbouring zoonotic pathogens.","Medical and veterinary entomology"
"10.1016/j.ttbdis.2022.101975",2022,"Germany","Hannover",2020,2020,"Dragging","Ixodes frontalis","Unknown","Unknown",NA,NA,NA,NA,"TIC000214",52.3744779,9.7385532,"CIT000102",FALSE,"A 15-year monitoring of Rickettsiales (Anaplasma phagocytophilum and Rickettsia spp.) in questing ticks in the city of Hanover, Germany.","Ticks and tick-borne diseases"
"10.1016/j.ttbdis.2022.101936",2022,"Hungary","Somogyszob",2020,2020,"Animal","Dermacentor reticulatus","Unknown","Unknown",NA,NA,NA,NA,"TIC000215",46.2929761,17.2968274,"CIT000103",FALSE,"Diversity of tick species and associated pathogens on peri-urban wild boars - First report of the zoonotic Babesia cf. crassa from Hungary.","Ticks and tick-borne diseases"
"10.1016/j.ttbdis.2022.101936",2022,"Hungary","Tarany",2020,2020,"Animal","Dermacentor reticulatus","Unknown","Unknown",NA,NA,NA,NA,"TIC000216",46.1832459,17.3018901,"CIT000104",FALSE,"Diversity of tick species and associated pathogens on peri-urban wild boars - First report of the zoonotic Babesia cf. crassa from Hungary.","Ticks and tick-borne diseases"
"10.1016/j.ttbdis.2022.101936",2022,"Hungary","Martonvásár",2007,2007,"Animal","Dermacentor reticulatus","Unknown","Unknown",NA,NA,NA,NA,"TIC000217",47.3299049,18.7687291,"CIT000105",FALSE,"Diversity of tick species and associated pathogens on peri-urban wild boars - First report of the zoonotic Babesia cf. crassa from Hungary.","Ticks and tick-borne diseases"
"10.1016/j.ttbdis.2022.101936",2022,"Hungary","Pogányszentpéter",2020,2020,"Animal","Haemaphysalis concinna","Unknown","Unknown",NA,NA,NA,NA,"TIC000218",46.3841252,17.0630142,"CIT000106",FALSE,"Diversity of tick species and associated pathogens on peri-urban wild boars - First report of the zoonotic Babesia cf. crassa from Hungary.","Ticks and tick-borne diseases"
"10.1016/j.ttbdis.2021.101887",2022,"Czech Republic","Prague",2020,2020,"Animal, Flagging","Ixodes ricinus","Known","Tiché Údolí Nature Reserve","50.1482","14.3669",NA,NA,"TIC000219",50.0874654,14.4212535,"CIT000107",FALSE,"First isolation of Borrelia lusitaniae DNA from green lizards (Lacerta viridis) and Ixodes ricinus ticks in the Czech Republic.","Ticks and tick-borne diseases"
"10.1016/j.ttbdis.2021.101887",2022,"Czech Republic","Prague",2020,2020,"Animal, Flagging","Ixodes ricinus","Known","Tiché Údolí Nature Reserve","50.1476","14.3745",NA,NA,"TIC000220",50.0874654,14.4212535,"CIT000107",FALSE,"First isolation of Borrelia lusitaniae DNA from green lizards (Lacerta viridis) and Ixodes ricinus ticks in the Czech Republic.","Ticks and tick-borne diseases"
"10.3390/microorganisms10020245",2022,"France","Strasbourg",2019,2019,"Dragging","Ixodes ricinus","Known","Golf course Le Fort","48.511742","7.717680",NA,NA,"TIC000221",48.584614,7.7507127,"CIT000015",FALSE,"Impact of Different Anthropogenic Environments on Ticks and Tick-Associated Pathogens in Alsace, a French Region Highly Endemic for Tick-Borne Diseases.","Microorganisms"
"10.3390/microorganisms10020245",2022,"France","Strasbourg",2018,2018,"Dragging","Ixodes ricinus","Approximated","Park Citadelle","48.57606674170098","7.774633265602847",NA,NA,"TIC000222",48.584614,7.7507127,"CIT000015",FALSE,"Impact of Different Anthropogenic Environments on Ticks and Tick-Associated Pathogens in Alsace, a French Region Highly Endemic for Tick-Borne Diseases.","Microorganisms"
"10.3390/microorganisms10020245",2022,"France","Strasbourg",2018,2019,"Dragging","Ixodes ricinus","Known","Park Heyritz","48.573860","7.740119",NA,NA,"TIC000223",48.584614,7.7507127,"CIT000015",FALSE,"Impact of Different Anthropogenic Environments on Ticks and Tick-Associated Pathogens in Alsace, a French Region Highly Endemic for Tick-Borne Diseases.","Microorganisms"
"10.3390/microorganisms10020245",2022,"France","Strasbourg",2018,2019,"Dragging","Ixodes ricinus","Known","Park Orangerie","48.591901","7.773721",NA,NA,"TIC000224",48.584614,7.7507127,"CIT000015",FALSE,"Impact of Different Anthropogenic Environments on Ticks and Tick-Associated Pathogens in Alsace, a French Region Highly Endemic for Tick-Borne Diseases.","Microorganisms"
"10.1186/s13071-022-05150-9",2022,"Poland","Poznań",2017,2017,"Flagging, Dragging","Ixodes ricinus","Known","Area around the Malta Lake","52.401944","16.970556",NA,NA,"TIC000225",52.4082663,16.9335199,"CIT000094",FALSE,"Metabarcoding reveals low prevalence of microsporidian infections in castor bean tick (Ixodes ricinus).","Parasites & vectors"
"10.1186/s13071-022-05150-9",2022,"Poland","Poznań",2017,2017,"Flagging, Dragging","Ixodes ricinus","Known","Morasko","52.468425","16.925980",NA,NA,"TIC000226",52.4082663,16.9335199,"CIT000094",FALSE,"Metabarcoding reveals low prevalence of microsporidian infections in castor bean tick (Ixodes ricinus).","Parasites & vectors"
"10.1186/s13071-022-05150-9",2022,"Poland","Poznań",2017,2017,"Flagging, Dragging","Ixodes ricinus","Known","Cytadela Park","52.421111","16.935278",NA,NA,"TIC000227",52.4082663,16.9335199,"CIT000094",FALSE,"Metabarcoding reveals low prevalence of microsporidian infections in castor bean tick (Ixodes ricinus).","Parasites & vectors"
"10.1186/s13071-022-05150-9",2022,"Poland","Poznań",2017,2018,"Flagging, Dragging","Ixodes ricinus","Known","Area around Rusalka Lake","52.426389","16.877778",NA,NA,"TIC000228",52.4082663,16.9335199,"CIT000094",FALSE,"Metabarcoding reveals low prevalence of microsporidian infections in castor bean tick (Ixodes ricinus).","Parasites & vectors"
"10.1186/s13071-022-05150-9",2022,"Poland","Poznań",2017,2017,"Flagging, Dragging","Ixodes ricinus","Known","Solacki Park","52.422597","16.901897",NA,NA,"TIC000229",52.4082663,16.9335199,"CIT000094",FALSE,"Metabarcoding reveals low prevalence of microsporidian infections in castor bean tick (Ixodes ricinus).","Parasites & vectors"
"10.1186/s13071-022-05150-9",2022,"Poland","Poznań",2017,2017,"Flagging, Dragging","Ixodes ricinus","Known","Tysiaclecia Park","52.406944","16.967778",NA,NA,"TIC000230",52.4082663,16.9335199,"CIT000094",FALSE,"Metabarcoding reveals low prevalence of microsporidian infections in castor bean tick (Ixodes ricinus).","Parasites & vectors"
"10.3390/microorganisms10040772",2022,"Bulgaria","Pleven",2017,2019,"Flagging","Ixodes ricinus","Approximated","Kaylaka Park","43.38877752968308","24.622579570707213",NA,NA,"TIC000231",43.409022,24.6180123,"CIT000108",FALSE,"Prevalence of Borrelia burgdorferi Sensu Lato in Ixodes ricinus Ticks Collected from Kaylaka Park in Pleven, Bulgaria.","Microorganisms"
"10.3390/pathogens11040468",2022,"Poland","Białystok",2017,2018,"Flagging","Ixodes ricinus","Known","Zwierzyniecki Forest Nature Reserve","53.112500","23.161389",NA,NA,"TIC000232",53.132398,23.1591679,"CIT000109",FALSE,"Prevalence of Tick-Borne Pathogens in Questing Ixodes ricinus and Dermacentor reticulatus Ticks Collected from Recreational Areas in Northeastern Poland with Analysis of Environmental Factors.","Pathogens (Basel, Switzerland)"
"10.3390/pathogens11040468",2022,"Poland","Białystok",2019,2019,"Flagging","Ixodes ricinus, Dermacentor reticulatus","Known","Zwierzyniecki Forest Nature Reserve","53.112500","23.161389",NA,NA,"TIC000233",53.132398,23.1591679,"CIT000109",FALSE,"Prevalence of Tick-Borne Pathogens in Questing Ixodes ricinus and Dermacentor reticulatus Ticks Collected from Recreational Areas in Northeastern Poland with Analysis of Environmental Factors.","Pathogens (Basel, Switzerland)"
"10.3390/pathogens11040468",2022,"Poland","Augustów",2018,2019,"Flagging","Ixodes ricinus, Dermacentor reticulatus","Known","“Królowa Woda” resort","53.824250","22.978139",NA,NA,"TIC000234",53.8437331,22.9802357,"CIT000110",FALSE,"Prevalence of Tick-Borne Pathogens in Questing Ixodes ricinus and Dermacentor reticulatus Ticks Collected from Recreational Areas in Northeastern Poland with Analysis of Environmental Factors.","Pathogens (Basel, Switzerland)"
"10.3390/pathogens11040468",2022,"Poland","Augustów",2019,2019,"Flagging","Ixodes ricinus, Dermacentor reticulatus","Known","Public Beach","53.854139","22.984417",NA,NA,"TIC000235",53.8437331,22.9802357,"CIT000110",FALSE,"Prevalence of Tick-Borne Pathogens in Questing Ixodes ricinus and Dermacentor reticulatus Ticks Collected from Recreational Areas in Northeastern Poland with Analysis of Environmental Factors.","Pathogens (Basel, Switzerland)"
"10.3390/pathogens11050542",2022,"Poland","Gołdap",2018,2018,"Flagging","Ixodes ricinus, Dermacentor reticulatus","Known","Unknown",NA,NA,NA,NA,"TIC000236",54.3077084,22.3018576,"CIT000111",FALSE,"The Risk of Exposure to Ticks and Tick-Borne Pathogens in a Spa Town in Northern Poland.","Pathogens (Basel, Switzerland)"
"10.1016/j.ttbdis.2022.102042",2022,"Czech Republic","Hradec Králové",2021,2021,"Dragging","Ixodes ricinus","Known","Hradec City Woods","50.186792","15.876460",NA,NA,"TIC000237",50.2092113,15.8327512,"CIT000112",FALSE,"The first detection of relapsing fever spirochete Borrelia miyamotoi in Ixodes ricinus ticks from the northeast Czech Republic.","Ticks and tick-borne diseases"
"10.1016/j.ttbdis.2022.102042",2022,"Czech Republic","Hradec Králové",2021,2021,"Dragging","Ixodes ricinus","Known","Forest Park and Rozárka","50.184450","15.841775",NA,NA,"TIC000238",50.2092113,15.8327512,"CIT000112",FALSE,"The first detection of relapsing fever spirochete Borrelia miyamotoi in Ixodes ricinus ticks from the northeast Czech Republic.","Ticks and tick-borne diseases"
"10.1016/j.ttbdis.2022.102042",2022,"Czech Republic","Hradec Králové",2021,2021,"Dragging","Ixodes ricinus","Known","City pond","50.194421","15.832232",NA,NA,"TIC000239",50.2092113,15.8327512,"CIT000112",FALSE,"The first detection of relapsing fever spirochete Borrelia miyamotoi in Ixodes ricinus ticks from the northeast Czech Republic.","Ticks and tick-borne diseases"
"10.1111/zph.12767",2020,"Finland","Helsinki",2019,2019,"Dragging","Ixodes ricinus","Approximated","Lapinniemi","60.167171956569966","24.91188765437217","10.1111/zph.13124",NA,"TIC000240",60.1666204,24.9435408,"CIT000113",FALSE,"Enhanced threat of tick-borne infections within cities? Assessing public health risks due to ticks in urban green spaces in Helsinki, Finland.","Zoonoses and public health"
"10.1111/zph.12767",2020,"Finland","Helsinki",2019,2019,"Dragging","Ixodes ricinus","Approximated","Hakuninmaa","60.252171953880946","24.892258213312395","10.1111/zph.13124",NA,"TIC000241",60.1666204,24.9435408,"CIT000113",FALSE,"Enhanced threat of tick-borne infections within cities? Assessing public health risks due to ticks in urban green spaces in Helsinki, Finland.","Zoonoses and public health"
"10.1111/zph.12767",2020,"Finland","Helsinki",2019,2019,"Dragging","Ixodes ricinus","Approximated","Laakso","60.19301219749611","24.91570959425519","10.1111/zph.13124",NA,"TIC000242",60.1666204,24.9435408,"CIT000113",FALSE,"Enhanced threat of tick-borne infections within cities? Assessing public health risks due to ticks in urban green spaces in Helsinki, Finland.","Zoonoses and public health"
"10.1111/zph.12767",2020,"Finland","Helsinki",2019,2019,"Dragging","Ixodes ricinus","Approximated","Laakso","60.19301219749611","24.91570959425519","10.1111/zph.13124",NA,"TIC000243",60.1666204,24.9435408,"CIT000113",FALSE,"Enhanced threat of tick-borne infections within cities? Assessing public health risks due to ticks in urban green spaces in Helsinki, Finland.","Zoonoses and public health"
"10.1111/zph.12767",2020,"Finland","Helsinki",2019,2019,"Dragging","Ixodes ricinus","Approximated","Meilahti","60.19276979975307","24.89371581023551","10.1111/zph.13124",NA,"TIC000244",60.1666204,24.9435408,"CIT000113",FALSE,"Enhanced threat of tick-borne infections within cities? Assessing public health risks due to ticks in urban green spaces in Helsinki, Finland.","Zoonoses and public health"
"10.1111/zph.12767",2020,"Finland","Helsinki",2019,2019,"Dragging","Ixodes ricinus","Approximated","Kumpula","60.2093630614576","24.96467112124152","10.1111/zph.13124",NA,"TIC000245",60.1666204,24.9435408,"CIT000113",FALSE,"Enhanced threat of tick-borne infections within cities? Assessing public health risks due to ticks in urban green spaces in Helsinki, Finland.","Zoonoses and public health"
"10.1111/zph.12767",2020,"Finland","Helsinki",2019,2019,"Dragging","Ixodes ricinus","Approximated","Lehtisaari","60.177818108049294","24.852115427338347","10.1111/zph.13124",NA,"TIC000246",60.1666204,24.9435408,"CIT000113",FALSE,"Enhanced threat of tick-borne infections within cities? Assessing public health risks due to ticks in urban green spaces in Helsinki, Finland.","Zoonoses and public health"
"10.1111/zph.12767",2020,"Finland","Helsinki",2019,2019,"Dragging","Ixodes ricinus","Approximated","Lauttasaari","60.15914419470618","24.874392031592595","10.1111/zph.13124",NA,"TIC000247",60.1666204,24.9435408,"CIT000113",FALSE,"Enhanced threat of tick-borne infections within cities? Assessing public health risks due to ticks in urban green spaces in Helsinki, Finland.","Zoonoses and public health"
"10.1111/zph.12767",2020,"Finland","Helsinki",2019,2019,"Dragging","Ixodes ricinus","Approximated","Seurasaari","60.18155042896634","24.883864502717778","10.1111/zph.13124",NA,"TIC000248",60.1666204,24.9435408,"CIT000113",FALSE,"Enhanced threat of tick-borne infections within cities? Assessing public health risks due to ticks in urban green spaces in Helsinki, Finland.","Zoonoses and public health"
"10.1111/zph.12767",2020,"Finland","Helsinki",2019,2019,"Dragging","Ixodes ricinus","Approximated","Töölönlahti","60.177750859510766","24.936514145414105",NA,NA,"TIC000249",60.1666204,24.9435408,"CIT000113",FALSE,"Enhanced threat of tick-borne infections within cities? Assessing public health risks due to ticks in urban green spaces in Helsinki, Finland.","Zoonoses and public health"
"10.1016/j.ttbdis.2021.101786",2021,"Poland","Poznań",2017,2018,"Dragging","Ixodes ricinus","Approximated","Morasko Campus, Adam Mickiewicz University","52.466668133437985","16.925955754050484","10.3390/pathogens13040307",NA,"TIC000250",52.4082663,16.9335199,"CIT000094",FALSE,"Prevalence of Babesia canis DNA in Ixodes ricinus ticks collected in forest and urban ecosystems in west-central Poland.","Ticks and tick-borne diseases"
"10.1016/j.ttbdis.2021.101786",2021,"Poland","Poznań",2017,2018,"Dragging","Ixodes ricinus","Approximated","Rusałka Lake","52.428538558164796","16.877783650892138","10.3390/pathogens13040307",NA,"TIC000251",52.4082663,16.9335199,"CIT000094",FALSE,"Prevalence of Babesia canis DNA in Ixodes ricinus ticks collected in forest and urban ecosystems in west-central Poland.","Ticks and tick-borne diseases"
"10.1016/j.ttbdis.2021.101786",2021,"Poland","Poznań",2017,2018,"Dragging","Ixodes ricinus","Approximated","Sołacki Park","52.423341553904336","16.901938740556705","10.3390/pathogens13040307",NA,"TIC000252",52.4082663,16.9335199,"CIT000094",FALSE,"Prevalence of Babesia canis DNA in Ixodes ricinus ticks collected in forest and urban ecosystems in west-central Poland.","Ticks and tick-borne diseases"
"10.1016/j.ttbdis.2021.101786",2021,"Poland","Poznań",2017,2018,"Dragging","Ixodes ricinus","Approximated","Cytadela Park","52.42176577286163","16.93626910008052","10.3390/pathogens13040307",NA,"TIC000253",52.4082663,16.9335199,"CIT000094",FALSE,"Prevalence of Babesia canis DNA in Ixodes ricinus ticks collected in forest and urban ecosystems in west-central Poland.","Ticks and tick-borne diseases"
"10.1016/j.ttbdis.2021.101786",2021,"Poland","Poznań",2017,2018,"Dragging","Ixodes ricinus","Approximated","Malta Lake","52.40384067881418","16.976695938191902","10.3390/pathogens13040307",NA,"TIC000254",52.4082663,16.9335199,"CIT000094",FALSE,"Prevalence of Babesia canis DNA in Ixodes ricinus ticks collected in forest and urban ecosystems in west-central Poland.","Ticks and tick-borne diseases"
"10.1186/s13071-017-2537-2",2017,"Germany","Hannover",2015,2015,"Flagging","Ixodes ricinus","Approximated","Mecklenheide","52.42613671976744","9.67638149380924","10.1016/j.crpvbd.2025.100339",NA,"TIC000255",52.3744779,9.7385532,"CIT000102",FALSE,"A 10-year surveillance of Rickettsiales (Rickettsia spp. and Anaplasma phagocytophilum) in the city of Hanover, Germany, reveals Rickettsia spp. as emerging pathogens in ticks.","Parasites & vectors"
"10.1186/s13071-017-2537-2",2017,"Germany","Hannover",2015,2015,"Flagging","Ixodes ricinus","Approximated","Große Heide","52.43616195498552","9.79618453879227","10.1016/j.crpvbd.2025.100339",NA,"TIC000256",52.3744779,9.7385532,"CIT000102",FALSE,"A 10-year surveillance of Rickettsiales (Rickettsia spp. and Anaplasma phagocytophilum) in the city of Hanover, Germany, reveals Rickettsia spp. as emerging pathogens in ticks.","Parasites & vectors"
"10.1186/s13071-017-2537-2",2017,"Germany","Hannover",2015,2015,"Flagging","Ixodes ricinus","Approximated","Misburger Wald","52.405221289059405","9.843688832534818","10.1016/j.crpvbd.2025.100339",NA,"TIC000257",52.3744779,9.7385532,"CIT000102",FALSE,"A 10-year surveillance of Rickettsiales (Rickettsia spp. and Anaplasma phagocytophilum) in the city of Hanover, Germany, reveals Rickettsia spp. as emerging pathogens in ticks.","Parasites & vectors"
"10.1186/s13071-017-2537-2",2017,"Germany","Hannover",2015,2015,"Flagging","Ixodes ricinus","Approximated","Annateiche","52.371522","9.813383","10.1016/j.crpvbd.2025.100339",NA,"TIC000258",52.3744779,9.7385532,"CIT000102",FALSE,"A 10-year surveillance of Rickettsiales (Rickettsia spp. and Anaplasma phagocytophilum) in the city of Hanover, Germany, reveals Rickettsia spp. as emerging pathogens in ticks.","Parasites & vectors"
"10.1186/s13071-017-2537-2",2017,"Germany","Hannover",2015,2015,"Flagging","Ixodes ricinus","Approximated","Georgengarten","52.38613245301747","9.706440969281418","10.1016/j.crpvbd.2025.100339",NA,"TIC000259",52.3744779,9.7385532,"CIT000102",FALSE,"A 10-year surveillance of Rickettsiales (Rickettsia spp. and Anaplasma phagocytophilum) in the city of Hanover, Germany, reveals Rickettsia spp. as emerging pathogens in ticks.","Parasites & vectors"
"10.1186/s13071-017-2537-2",2017,"Germany","Hannover",2015,2015,"Flagging","Ixodes ricinus","Approximated","Maschpark","52.3661270467249","9.738946540061814","10.1016/j.crpvbd.2025.100339",NA,"TIC000260",52.3744779,9.7385532,"CIT000102",FALSE,"A 10-year surveillance of Rickettsiales (Rickettsia spp. and Anaplasma phagocytophilum) in the city of Hanover, Germany, reveals Rickettsia spp. as emerging pathogens in ticks.","Parasites & vectors"
"10.1186/s13071-017-2537-2",2017,"Germany","Hannover",2015,2015,"Flagging","Ixodes ricinus","Approximated","Seelhorster Wald","52.3484544787941","9.811936118121066","10.1016/j.crpvbd.2025.100339",NA,"TIC000261",52.3744779,9.7385532,"CIT000102",FALSE,"A 10-year surveillance of Rickettsiales (Rickettsia spp. and Anaplasma phagocytophilum) in the city of Hanover, Germany, reveals Rickettsia spp. as emerging pathogens in ticks.","Parasites & vectors"
"10.1186/s13071-017-2537-2",2017,"Germany","Hannover",2015,2015,"Flagging","Ixodes ricinus","Approximated","Großer Ricklinger Teich","52.334472","9.742159","10.1016/j.crpvbd.2025.100339",NA,"TIC000262",52.3744779,9.7385532,"CIT000102",FALSE,"A 10-year surveillance of Rickettsiales (Rickettsia spp. and Anaplasma phagocytophilum) in the city of Hanover, Germany, reveals Rickettsia spp. as emerging pathogens in ticks.","Parasites & vectors"
"10.1186/s13071-017-2537-2",2017,"Germany","Hannover",2015,2015,"Flagging","Ixodes ricinus","Approximated","Bornumer Holz","52.353052379577505","9.682390477533655","10.1016/j.crpvbd.2025.100339",NA,"TIC000263",52.3744779,9.7385532,"CIT000102",FALSE,"A 10-year surveillance of Rickettsiales (Rickettsia spp. and Anaplasma phagocytophilum) in the city of Hanover, Germany, reveals Rickettsia spp. as emerging pathogens in ticks.","Parasites & vectors"
"10.1186/s13071-017-2537-2",2017,"Germany","Hannover",2015,2015,"Flagging","Ixodes ricinus","Approximated","Eilenriede","52.38425593279534","9.758148696459003","10.1016/j.crpvbd.2025.100339",NA,"TIC000264",52.3744779,9.7385532,"CIT000102",FALSE,"A 10-year surveillance of Rickettsiales (Rickettsia spp. and Anaplasma phagocytophilum) in the city of Hanover, Germany, reveals Rickettsia spp. as emerging pathogens in ticks.","Parasites & vectors"
"10.1016/j.ttbdis.2022.101975",2022,"Germany","Hannover",2020,2020,"Dragging","Ixodes ricinus/Ixodes inopinatus complex","Approximated","Mecklenheide","52.42613671976744","9.67638149380924","10.1016/j.crpvbd.2025.100339",NA,"TIC000265",52.3744779,9.7385532,"CIT000102",FALSE,"A 15-year monitoring of Rickettsiales (Anaplasma phagocytophilum and Rickettsia spp.) in questing ticks in the city of Hanover, Germany.","Ticks and tick-borne diseases"
"10.1016/j.ttbdis.2022.101975",2022,"Germany","Hannover",2020,2020,"Dragging","Ixodes ricinus/Ixodes inopinatus complex","Approximated","Große Heide","52.43616195498552","9.79618453879227","10.1016/j.crpvbd.2025.100339",NA,"TIC000266",52.3744779,9.7385532,"CIT000102",FALSE,"A 15-year monitoring of Rickettsiales (Anaplasma phagocytophilum and Rickettsia spp.) in questing ticks in the city of Hanover, Germany.","Ticks and tick-borne diseases"
"10.1016/j.ttbdis.2022.101975",2022,"Germany","Hannover",2020,2020,"Dragging","Ixodes ricinus/Ixodes inopinatus complex","Approximated","Misburger Wald","52.405221289059405","9.843688832534818","10.1016/j.crpvbd.2025.100339",NA,"TIC000267",52.3744779,9.7385532,"CIT000102",FALSE,"A 15-year monitoring of Rickettsiales (Anaplasma phagocytophilum and Rickettsia spp.) in questing ticks in the city of Hanover, Germany.","Ticks and tick-borne diseases"
"10.1016/j.ttbdis.2022.101975",2022,"Germany","Hannover",2020,2020,"Dragging","Ixodes ricinus/Ixodes inopinatus complex","Approximated","Annateiche","52.371522","9.813383","10.1016/j.crpvbd.2025.100339","but c","TIC000268",52.3744779,9.7385532,"CIT000102",FALSE,"A 15-year monitoring of Rickettsiales (Anaplasma phagocytophilum and Rickettsia spp.) in questing ticks in the city of Hanover, Germany.","Ticks and tick-borne diseases"
"10.1016/j.ttbdis.2022.101975",2022,"Germany","Hannover",2020,2020,"Dragging","Ixodes ricinus/Ixodes inopinatus complex","Approximated","Georgengarten","52.38613245301747","9.706440969281418","10.1016/j.crpvbd.2025.100339",NA,"TIC000269",52.3744779,9.7385532,"CIT000102",FALSE,"A 15-year monitoring of Rickettsiales (Anaplasma phagocytophilum and Rickettsia spp.) in questing ticks in the city of Hanover, Germany.","Ticks and tick-borne diseases"
"10.1016/j.ttbdis.2022.101975",2022,"Germany","Hannover",2020,2020,"Dragging","Ixodes ricinus/Ixodes inopinatus complex","Approximated","Maschpark","52.3661270467249","9.738946540061814","10.1016/j.crpvbd.2025.100339",NA,"TIC000270",52.3744779,9.7385532,"CIT000102",FALSE,"A 15-year monitoring of Rickettsiales (Anaplasma phagocytophilum and Rickettsia spp.) in questing ticks in the city of Hanover, Germany.","Ticks and tick-borne diseases"
"10.1016/j.ttbdis.2022.101975",2022,"Germany","Hannover",2020,2020,"Dragging","Ixodes ricinus/Ixodes inopinatus complex","Approximated","Seelhorster Wald","52.3484544787941","9.811936118121066","10.1016/j.crpvbd.2025.100339",NA,"TIC000271",52.3744779,9.7385532,"CIT000102",FALSE,"A 15-year monitoring of Rickettsiales (Anaplasma phagocytophilum and Rickettsia spp.) in questing ticks in the city of Hanover, Germany.","Ticks and tick-borne diseases"
"10.1016/j.ttbdis.2022.101975",2022,"Germany","Hannover",2020,2020,"Dragging","Ixodes ricinus/Ixodes inopinatus complex","Approximated","Großer Ricklinger Teich","52.334472","9.742159","10.1016/j.crpvbd.2025.100339",NA,"TIC000272",52.3744779,9.7385532,"CIT000102",FALSE,"A 15-year monitoring of Rickettsiales (Anaplasma phagocytophilum and Rickettsia spp.) in questing ticks in the city of Hanover, Germany.","Ticks and tick-borne diseases"
"10.1016/j.ttbdis.2022.101975",2022,"Germany","Hannover",2020,2020,"Dragging","Ixodes ricinus/Ixodes inopinatus complex","Approximated","Bornumer Holz","52.353052379577505","9.682390477533655","10.1016/j.crpvbd.2025.100339",NA,"TIC000273",52.3744779,9.7385532,"CIT000102",FALSE,"A 15-year monitoring of Rickettsiales (Anaplasma phagocytophilum and Rickettsia spp.) in questing ticks in the city of Hanover, Germany.","Ticks and tick-borne diseases"
"10.1016/j.ttbdis.2022.101975",2022,"Germany","Hannover",2020,2020,"Dragging","Ixodes ricinus/Ixodes inopinatus complex","Approximated","Eilenriede","52.38425593279534","9.758148696459003","10.1016/j.crpvbd.2025.100339",NA,"TIC000274",52.3744779,9.7385532,"CIT000102",FALSE,"A 15-year monitoring of Rickettsiales (Anaplasma phagocytophilum and Rickettsia spp.) in questing ticks in the city of Hanover, Germany.","Ticks and tick-borne diseases"
"10.3390/pathogens11080887",2022,"Italy","Milan",2016,2016,"Flagging, Dragging","Dermacentor reticulatus","Approximated","Groane Regional Park","45.560493511730954","9.097619525065726",NA,"10.1016/j.ttbdis.2017.06.002","TIC000275",45.4641943,9.1896346,"CIT000114",FALSE,"Molecular Prevalence of Selected Tick-Borne Pathogens in Dermacentor reticulatus Collected in a Natural Park in Italy.","Pathogens (Basel, Switzerland)"
"10.1016/j.ttbdis.2017.06.002",2017,"Italy","Milan",2015,2016,"Flagging, Dragging","Ixodes ricinus, Dermacentor reticulatus","Known","Groane Regional Park","45.560493511730954","9.097619525065726","10.3390/pathogens11080887",NA,"TIC000276",45.4641943,9.1896346,"CIT000114",FALSE,"Seasonal dynamics of adult Dermacentor reticulatus in a peri-urban park in southern Europe.","Ticks and tick-borne diseases"
"10.1016/j.ttbdis.2017.06.002",2017,"Italy","Milan",2015,2016,"Flagging, Dragging","Ixodes ricinus, Dermacentor reticulatus","Known","Groane Regional Park","45.630066","9.100153","10.3390/pathogens11080887",NA,"TIC000277",45.4641943,9.1896346,"CIT000114",FALSE,"Seasonal dynamics of adult Dermacentor reticulatus in a peri-urban park in southern Europe.","Ticks and tick-borne diseases"
"10.1016/j.ttbdis.2017.06.002",2017,"Italy","Milan",2015,2016,"Flagging, Dragging","Dermacentor reticulatus","Known","Groane Regional Park","45.622075","9.094086","10.3390/pathogens11080887",NA,"TIC000278",45.4641943,9.1896346,"CIT000114",FALSE,"Seasonal dynamics of adult Dermacentor reticulatus in a peri-urban park in southern Europe.","Ticks and tick-borne diseases"
"10.1016/j.ttbdis.2017.06.002",2017,"Italy","Milan",2015,2016,"Flagging, Dragging","Dermacentor reticulatus","Known","Groane Regional Park","45.585234","9.094161","10.3390/pathogens11080887",NA,"TIC000279",45.4641943,9.1896346,"CIT000114",FALSE,"Seasonal dynamics of adult Dermacentor reticulatus in a peri-urban park in southern Europe.","Ticks and tick-borne diseases"
"10.1016/j.ttbdis.2017.06.002",2017,"Italy","Milan",2015,2016,"Flagging, Dragging","Dermacentor reticulatus","Known","Groane Regional Park","45.587103","9.087535","10.3390/pathogens11080887",NA,"TIC000280",45.4641943,9.1896346,"CIT000114",FALSE,"Seasonal dynamics of adult Dermacentor reticulatus in a peri-urban park in southern Europe.","Ticks and tick-borne diseases"
"10.1111/tbed.14268",2022,"Spain","Barcelona",2014,2016,"Animal","Dermacentor marginatus, Hyalomma lusitanicum, Rhipicephalus sanguineus s.l., Rhipicephalus bursa","Unknown","Unknown",NA,NA,NA,NA,"TIC000281",41.3825802,2.177073,"CIT000115",FALSE,"Ticks on wild boar in the metropolitan area of Barcelona (Spain) are infected with spotted fever group rickettsiae.","Transboundary and emerging diseases"
"10.1111/tbed.14268",2022,"Spain","Bellaterra",2014,2016,"Animal","Dermacentor marginatus, Hyalomma lusitanicum, Rhipicephalus sanguineus s.l.","Approximated","Autonomous University of Barcelona (UAB)","41.504343292870374","2.10393041070868",NA,NA,"TIC000282",41.5040164,2.0859223,"CIT000116",FALSE,"Ticks on wild boar in the metropolitan area of Barcelona (Spain) are infected with spotted fever group rickettsiae.","Transboundary and emerging diseases"
"10.1007/s11686-020-00324-w",2021,"Italy","Tortolì",2017,2017,"Animal, Vegetation (unknown method)","Haemaphysalis punctata, Rhipicephalus sanguineus s.l.","Known","Unknown","39.916667","9.650000",NA,NA,"TIC000283",39.9266045,9.6591551,"CIT000117",FALSE,"Coxiellaceae in Ticks from Human, Domestic and Wild Hosts from Sardinia, Italy: High Diversity of Coxiella-like Endosymbionts.","Acta parasitologica"
"10.1007/s11686-020-00324-w",2021,"Italy","Alghero",2017,2017,"Animal","Hyalomma marginatum, Rhipicephalus bursa","Known","Unknown","40.550000","8.316667",NA,NA,"TIC000284",40.5587291,8.3153206,"CIT000118",FALSE,"Coxiellaceae in Ticks from Human, Domestic and Wild Hosts from Sardinia, Italy: High Diversity of Coxiella-like Endosymbionts.","Acta parasitologica"
"10.1007/s11686-020-00324-w",2021,"Italy","Dorgali",2017,2017,"Animal","Rhipicephalus sanguineus s.l.","Known","Unknown","40.283333","9.583333",NA,NA,"TIC000285",40.2928022,9.588832,"CIT000119",FALSE,"Coxiellaceae in Ticks from Human, Domestic and Wild Hosts from Sardinia, Italy: High Diversity of Coxiella-like Endosymbionts.","Acta parasitologica"
"10.3390/insects12090808",2021,"Bulgaria","Pleven",2016,2020,"Flagging","Ixodes ricinus","Known","Kaylaka Park","43.3886736","24.6251901",NA,NA,"TIC000286",43.409022,24.6180123,"CIT000108",FALSE,"Estimation of Ixodes ricinus (Acari: Ixodidae) Populations of Kaylaka Park in the Town of Pleven, Bulgaria.","Insects"
"10.3390/insects12090808",2021,"Bulgaria","Pleven",2016,2020,"Flagging","Ixodes ricinus","Known","Kaylaka Park","43.3856494","24.6257367",NA,NA,"TIC000287",43.409022,24.6180123,"CIT000108",FALSE,"Estimation of Ixodes ricinus (Acari: Ixodidae) Populations of Kaylaka Park in the Town of Pleven, Bulgaria.","Insects"
"10.3390/insects12090808",2021,"Bulgaria","Pleven",2016,2020,"Flagging","Ixodes ricinus","Known","Kaylaka Park","43.3837788","24.6313879",NA,NA,"TIC000288",43.409022,24.6180123,"CIT000108",FALSE,"Estimation of Ixodes ricinus (Acari: Ixodidae) Populations of Kaylaka Park in the Town of Pleven, Bulgaria.","Insects"
"10.3390/insects12090808",2021,"Bulgaria","Pleven",2016,2020,"Flagging","Ixodes ricinus","Known","Kaylaka Park","43.379304","24.623335",NA,NA,"TIC000289",43.409022,24.6180123,"CIT000108",FALSE,"Estimation of Ixodes ricinus (Acari: Ixodidae) Populations of Kaylaka Park in the Town of Pleven, Bulgaria.","Insects"
"10.1038/s41598-021-90234-2",2021,"Poland","Czempiń",2015,2017,"Animal","Ixodes ricinus","Approximated","Czempiń Experimental Station","52.136311330265144","16.76141346072031",NA,NA,"TIC000290",52.1431479,16.7613308,"CIT000120",FALSE,"Fivefold higher abundance of ticks (Acari: Ixodida) on the European roe deer (Capreolus capreolus L.) forest than field ecotypes.","Scientific reports"
"10.1186/s13071-020-04352-3",2020,"Romania","Cluj-Napoca",2018,2018,"Animal, Flagging","Ixodes ricinus, Ixodes hexagonus, Haemaphysalis punctata, Haemaphysalis concinna","Known","USAMV Campus","46.761028","23.570806","10.3389/fmicb.2021.645002",NA,"TIC000291",46.769379,23.5899542,"CIT000121",FALSE,"Impact of abiotic factors, habitat type and urban wildlife on the ecology of hard ticks (Acari: Ixodidae) in urban and peri-urban habitats.","Parasites & vectors"
"10.1186/s13071-020-04352-3",2020,"Romania","Cluj-Napoca",2018,2018,"Flagging","Ixodes ricinus, Haemaphysalis punctata","Known","Mănăştur Cemetery","46.756139","23.570028","10.3389/fmicb.2021.645002",NA,"TIC000292",46.769379,23.5899542,"CIT000121",FALSE,"Impact of abiotic factors, habitat type and urban wildlife on the ecology of hard ticks (Acari: Ixodidae) in urban and peri-urban habitats.","Parasites & vectors"
"10.1186/s13071-020-04352-3",2020,"Romania","Cluj-Napoca",2018,2018,"Animal, Flagging","Ixodes ricinus, Ixodes hexagonus, Haemaphysalis punctata","Known","Iuliu Hațieganu Park","46.765583","23.561917","10.3389/fmicb.2021.645002",NA,"TIC000293",46.769379,23.5899542,"CIT000121",FALSE,"Impact of abiotic factors, habitat type and urban wildlife on the ecology of hard ticks (Acari: Ixodidae) in urban and peri-urban habitats.","Parasites & vectors"
"10.1186/s13071-020-04352-3",2020,"Romania","Cluj-Napoca",2018,2018,"Animal, Flagging","Ixodes ricinus, Ixodes hexagonus, Haemaphysalis punctata","Known","Alexandru Borza Botanical Garden","46.762611","23.588556","10.3389/fmicb.2021.645002",NA,"TIC000294",46.769379,23.5899542,"CIT000121",FALSE,"Impact of abiotic factors, habitat type and urban wildlife on the ecology of hard ticks (Acari: Ixodidae) in urban and peri-urban habitats.","Parasites & vectors"
"10.1186/s13071-020-04352-3",2020,"Romania","Cluj-Napoca",2018,2018,"Animal, Flagging","Ixodes ricinus, Haemaphysalis punctata","Known","Hoia forest","46.779056","23.520972","10.3389/fmicb.2021.645002",NA,"TIC000295",46.769379,23.5899542,"CIT000121",FALSE,"Impact of abiotic factors, habitat type and urban wildlife on the ecology of hard ticks (Acari: Ixodidae) in urban and peri-urban habitats.","Parasites & vectors"
"10.1186/s13071-020-04352-3",2020,"Romania","Cluj-Napoca",2018,2018,"Animal, Flagging","Ixodes ricinus, Haemaphysalis punctata","Known","Făget forest","46.713000","23.546694","10.3389/fmicb.2021.645002",NA,"TIC000296",46.769379,23.5899542,"CIT000121",FALSE,"Impact of abiotic factors, habitat type and urban wildlife on the ecology of hard ticks (Acari: Ixodidae) in urban and peri-urban habitats.","Parasites & vectors"
"10.1186/s13071-020-04352-3",2020,"Romania","Cluj-Napoca",2018,2018,"Flagging","Ixodes ricinus","Known","Private garden","46.777778","23.581806","10.3389/fmicb.2021.645002",NA,"TIC000297",46.769379,23.5899542,"CIT000121",FALSE,"Impact of abiotic factors, habitat type and urban wildlife on the ecology of hard ticks (Acari: Ixodidae) in urban and peri-urban habitats.","Parasites & vectors"
"10.3390/insects12020096",2021,"Poland","Borowa",2018,2019,"Flagging","Dermacentor reticulatus","Known","Middle Vistula Valley","51.540","21.837",NA,NA,"TIC000298",51.3275,19.4888,"CIT000122",FALSE,"Occurrence and Abundance of Dermacentor reticulatus in the Habitats of the Ecological Corridor of the Wieprz River, Eastern Poland.","Insects"
"10.3390/pathogens10091181",2021,"Italy","Belluno",2011,2017,"Dragging","Ixodes ricinus","Known","Unknown","46.174394","12.240835",NA,NA,"TIC000299",46.1375185,12.2181711,"CIT000123",FALSE,"Occurrence and Identification of Ixodes ricinus Borne Pathogens in Northeastern Italy.","Pathogens (Basel, Switzerland)"
"10.3390/pathogens10091181",2021,"Italy","Ponte Nelle Alpi",2011,2017,"Dragging","Ixodes ricinus","Known","Unknown","46.156157","12.287511",NA,NA,"TIC000300",46.1617797,12.2988054,"CIT000124",FALSE,"Occurrence and Identification of Ixodes ricinus Borne Pathogens in Northeastern Italy.","Pathogens (Basel, Switzerland)"
"10.3390/pathogens10091181",2021,"Italy","Sedico",2011,2017,"Dragging","Ixodes ricinus","Known","Unknown","46.124025","12.131986",NA,NA,"TIC000301",46.1706632,12.1332747,"CIT000125",FALSE,"Occurrence and Identification of Ixodes ricinus Borne Pathogens in Northeastern Italy.","Pathogens (Basel, Switzerland)"
"10.3390/pathogens10091181",2021,"Italy","Sedico",2011,2017,"Dragging","Ixodes ricinus","Known","Unknown","46.129335","12.106427",NA,NA,"TIC000302",46.1706632,12.1332747,"CIT000125",FALSE,"Occurrence and Identification of Ixodes ricinus Borne Pathogens in Northeastern Italy.","Pathogens (Basel, Switzerland)"
"10.1007/s10493-019-00380-6",2019,"Poland","Białobrzegi",2017,2017,"Animal","Ixodes ricinus, Dermacentor reticulatus","Known","Unknown","51.6587","20.9388","10.1007/s10493-021-00647-x",NA,"TIC000303",50.764613,23.1475593,"CIT000126",FALSE,"The role of juvenile Dermacentor reticulatus ticks as vectors of microorganisms and the problem of 'meal contamination'.","Experimental & applied acarology"
"10.1016/j.ttbdis.2020.101594",2021,"Lithuania","Garliava",2017,2019,"Flagging, Dragging","Dermacentor reticulatus","Known","Unknown","54.801114","23.875683",NA,NA,"TIC000304",54.8279294,23.8746799,"CIT000127",FALSE,"Prevalence of tick-borne encephalitis virus in questing Dermacentor reticulatus and Ixodes ricinus ticks in Lithuania.","Ticks and tick-borne diseases"
"10.1016/j.ttbdis.2020.101594",2021,"Lithuania","Yliškės",2017,2019,"Flagging, Dragging","Dermacentor reticulatus","Known","Unknown","54.882431","23.864881",NA,NA,"TIC000305",54.8741238,23.8733622,"CIT000128",FALSE,"Prevalence of tick-borne encephalitis virus in questing Dermacentor reticulatus and Ixodes ricinus ticks in Lithuania.","Ticks and tick-borne diseases"
"10.1016/j.ttbdis.2020.101594",2021,"Lithuania","Panemunė",2017,2019,"Flagging, Dragging","Ixodes ricinus, Dermacentor reticulatus","Known","Unknown","54.879919","23.971117",NA,NA,"TIC000306",55.0871461,21.9115038,"CIT000129",FALSE,"Prevalence of tick-borne encephalitis virus in questing Dermacentor reticulatus and Ixodes ricinus ticks in Lithuania.","Ticks and tick-borne diseases"
"10.1016/j.ttbdis.2020.101594",2021,"Lithuania","Kaišiadorys",2017,2019,"Flagging, Dragging","Ixodes ricinus","Known","Unknown","54.851439","24.418383",NA,NA,"TIC000307",54.8602337,24.4544785,"CIT000003",FALSE,"Prevalence of tick-borne encephalitis virus in questing Dermacentor reticulatus and Ixodes ricinus ticks in Lithuania.","Ticks and tick-borne diseases"
"10.1016/j.ttbdis.2020.101594",2021,"Lithuania","Kleboniškės",2017,2019,"Flagging, Dragging","Ixodes ricinus","Known","Unknown","54.947661","23.931119",NA,NA,"TIC000308",54.947661,23.931119,"CIT000130",TRUE,"Prevalence of tick-borne encephalitis virus in questing Dermacentor reticulatus and Ixodes ricinus ticks in Lithuania.","Ticks and tick-borne diseases"
"10.1016/j.ttbdis.2020.101594",2021,"Lithuania","Prienai",2017,2019,"Flagging, Dragging","Ixodes ricinus","Known","Unknown","54.646117","23.916631",NA,NA,"TIC000309",54.6338459,23.9428415,"CIT000068",FALSE,"Prevalence of tick-borne encephalitis virus in questing Dermacentor reticulatus and Ixodes ricinus ticks in Lithuania.","Ticks and tick-borne diseases"
"10.1016/j.ttbdis.2020.101594",2021,"Lithuania","Astravas",2017,2019,"Flagging, Dragging","Ixodes ricinus","Known","Unknown","56.220742","24.767683",NA,NA,"TIC000310",56.2197857,24.7707927,"CIT000131",FALSE,"Prevalence of tick-borne encephalitis virus in questing Dermacentor reticulatus and Ixodes ricinus ticks in Lithuania.","Ticks and tick-borne diseases"
"10.1016/j.ttbdis.2020.101594",2021,"Lithuania","Telšiai",2017,2019,"Flagging, Dragging","Ixodes ricinus","Known","Unknown","55.974008","22.183647",NA,NA,"TIC000311",55.9846135,22.2490753,"CIT000064",FALSE,"Prevalence of tick-borne encephalitis virus in questing Dermacentor reticulatus and Ixodes ricinus ticks in Lithuania.","Ticks and tick-borne diseases"
"10.1016/j.ttbdis.2020.101594",2021,"Lithuania","Zarasai",2017,2019,"Flagging, Dragging","Ixodes ricinus, Dermacentor reticulatus","Known","Unknown","55.725558","26.269686",NA,NA,"TIC000312",55.7304035,26.2471471,"CIT000050",FALSE,"Prevalence of tick-borne encephalitis virus in questing Dermacentor reticulatus and Ixodes ricinus ticks in Lithuania.","Ticks and tick-borne diseases"
"10.1016/j.ttbdis.2020.101594",2021,"Lithuania","Elektrenai",2017,2019,"Flagging, Dragging","Ixodes ricinus, Dermacentor reticulatus","Known","Unknown","54.776333","24.629028",NA,NA,"TIC000313",54.786657,24.6708398,"CIT000132",FALSE,"Prevalence of tick-borne encephalitis virus in questing Dermacentor reticulatus and Ixodes ricinus ticks in Lithuania.","Ticks and tick-borne diseases"
"10.1016/j.ttbdis.2020.101594",2021,"Lithuania","Miškiniai",2017,2019,"Flagging, Dragging","Ixodes ricinus","Known","Unknown","54.673642","25.229547",NA,NA,"TIC000314",54.5896847,25.2404336,"CIT000133",FALSE,"Prevalence of tick-borne encephalitis virus in questing Dermacentor reticulatus and Ixodes ricinus ticks in Lithuania.","Ticks and tick-borne diseases"
"10.1016/j.ttbdis.2020.101594",2021,"Lithuania","Pavelnys",2017,2019,"Flagging, Dragging","Ixodes ricinus","Known","Unknown","54.674056","25.341000",NA,NA,"TIC000315",54.674056,25.341,"CIT000134",TRUE,"Prevalence of tick-borne encephalitis virus in questing Dermacentor reticulatus and Ixodes ricinus ticks in Lithuania.","Ticks and tick-borne diseases"
"10.1016/j.ttbdis.2021.101657",2021,"Germany","Hanover",2018,2019,"Flagging","Ixodes ricinus/Ixodes inopinatus complex","Unknown","Unknown",NA,NA,NA,NA,"TIC000316",52.3744779,9.7385532,"CIT000072",FALSE,"Regional, seasonal, biennial and landscape-associated distribution of Anaplasma phagocytophilum and Rickettsia spp. infections in Ixodes ticks in northern Germany and implications for risk assessment at larger spatial scales.","Ticks and tick-borne diseases"
"10.1016/j.ttbdis.2021.101657",2021,"Germany","Bremen",2018,2019,"Flagging","Ixodes ricinus/Ixodes inopinatus complex","Unknown","Unknown",NA,NA,NA,NA,"TIC000317",53.0758196,8.8071646,"CIT000135",FALSE,"Regional, seasonal, biennial and landscape-associated distribution of Anaplasma phagocytophilum and Rickettsia spp. infections in Ixodes ticks in northern Germany and implications for risk assessment at larger spatial scales.","Ticks and tick-borne diseases"
"10.1016/j.ttbdis.2021.101657",2021,"Germany","Kassel",2018,2019,"Flagging","Ixodes ricinus/Ixodes inopinatus complex","Unknown","Unknown",NA,NA,NA,NA,"TIC000318",51.3157833,9.4978479,"CIT000136",FALSE,"Regional, seasonal, biennial and landscape-associated distribution of Anaplasma phagocytophilum and Rickettsia spp. infections in Ixodes ticks in northern Germany and implications for risk assessment at larger spatial scales.","Ticks and tick-borne diseases"
